net,domain_exact,best_k,gcd_k_n,phase_mae_deg,mean_abs_deg,q_odd_over_even,radius_parity_separation,f_decoder_acc,f_decoder_exact,q_decoder_acc,q_decoder_exact,q_certified,q_break_at,composition_acc,composition_exact,substitution_acc,substitution_exact,family
2,True,1,1,0.1554801726769351,0.26228245771291714,0.9569819384487033,0.04396367764681268,1.0,True,,False,False,gcd_k_not_2,0.0,False,1.0,True,FAMILY_F
3,True,11,1,0.12507713312453694,0.21382031137981744,1.0352631691307794,0.03465219600651418,1.0,True,,False,False,gcd_k_not_2,0.0,False,1.0,True,FAMILY_F
5,True,1,1,0.23368368582370377,0.31250865801439065,1.006027200166571,0.006009091168923904,1.0,True,,False,False,gcd_k_not_2,0.0,False,1.0,True,FAMILY_F
8,True,1,1,0.11981895824975976,0.19062511647093516,1.0321730640056128,0.03166370480494081,1.0,True,,False,False,gcd_k_not_2,0.0,False,1.0,True,FAMILY_F
11,True,5,1,0.4607724237696842,0.7719718315069412,0.9998311047216962,0.0001689095423157963,1.0,True,,False,False,gcd_k_not_2,0.0,False,1.0,True,FAMILY_F
13,True,1,1,0.1853980286476593,0.2991788615503671,0.9992386973718792,0.0007615925293178756,1.0,True,,False,False,gcd_k_not_2,0.0,False,1.0,True,FAMILY_F
16,True,11,1,0.13208508231904542,0.19891749494014943,0.9521100061511691,0.049064851568741255,1.0,True,,False,False,gcd_k_not_2,0.0,False,1.0,True,FAMILY_F
18,True,5,1,0.16121833459086604,0.2817429629461892,0.9916569566175188,0.008377992359337165,1.0,True,,False,False,gcd_k_not_2,0.0,False,1.0,True,FAMILY_F
25,True,1,1,0.15229610266724516,0.2438972316320249,0.9980333759247606,0.0019685597837715654,1.0,True,,False,False,gcd_k_not_2,0.0,False,1.0,True,FAMILY_F
26,True,7,1,0.1088820663533975,0.16754627312023776,0.97347289475163,0.026883678330640082,1.0,True,,False,False,gcd_k_not_2,1.0,True,1.0,True,FAMILY_F
31,True,11,1,0.09259851424333332,0.16840248555342616,1.0311693649774272,0.03069105463568616,1.0,True,,False,False,gcd_k_not_2,0.0,False,1.0,True,FAMILY_F
33,True,11,1,0.15720449053856858,0.2322114646305943,0.9966471886378718,0.003358441472492132,1.0,True,,False,False,gcd_k_not_2,0.0,False,1.0,True,FAMILY_F
34,True,11,1,0.1326786084284584,0.23816772221966676,0.92449970756643,0.07846225399435551,1.0,True,,False,False,gcd_k_not_2,0.0,False,1.0,True,FAMILY_F
35,True,7,1,0.11280946612045864,0.166923963560694,1.0214243138697987,0.021197245647831462,1.0,True,,False,False,gcd_k_not_2,0.0,False,1.0,True,FAMILY_F
36,True,5,1,0.13696263575769502,0.21401813521977203,1.0142146450278196,0.014114329932918597,1.0,True,,False,False,gcd_k_not_2,0.0,False,1.0,True,FAMILY_F
38,True,5,1,0.12379011063093211,0.17975898899401427,1.016892753250317,0.016751265750837123,1.0,True,,False,False,gcd_k_not_2,1.0,True,1.0,True,FAMILY_F
42,True,5,1,0.12791448058742674,0.23931437571808833,1.0013202620422528,0.001319391071277711,1.0,True,,False,False,gcd_k_not_2,0.0,False,1.0,True,FAMILY_F
45,True,1,1,0.09093471447653627,0.15042730943564658,1.0115794424076674,0.011512786583072098,1.0,True,,False,False,gcd_k_not_2,0.0,False,1.0,True,FAMILY_F
47,True,7,1,0.14083342237956148,0.19967877287055624,0.9876338525292164,0.012443083976505946,1.0,True,,False,False,gcd_k_not_2,0.3333333333333333,False,1.0,True,FAMILY_F
52,True,5,1,0.1710164879442799,0.25949314391967016,0.9943421191168673,0.005673932099110564,1.0,True,,False,False,gcd_k_not_2,0.0,False,1.0,True,FAMILY_F
64,True,1,1,0.15621559358542214,0.26032460960880627,1.0070364225345054,0.0070117537036221275,1.0,True,,False,False,gcd_k_not_2,0.0,False,1.0,True,FAMILY_F
65,True,7,1,0.16757639472910144,0.2628444268404735,0.9880475793147229,0.012024280313650321,1.0,True,,False,False,gcd_k_not_2,0.0,False,1.0,True,FAMILY_F
70,True,1,1,0.2915426479251088,0.46414297128217036,1.0078967985940237,0.007865741505791717,1.0,True,,False,False,gcd_k_not_2,0.0,False,1.0,True,FAMILY_F
73,True,1,1,0.15547743547181841,0.2642938119066296,0.9857243831861104,0.014378245978915032,1.0,True,,False,False,gcd_k_not_2,0.0,False,1.0,True,FAMILY_F
76,True,1,1,0.15197648214211926,0.23667441216194118,1.011908654460941,0.011838166145899635,1.0,True,,False,False,gcd_k_not_2,0.0,False,1.0,True,FAMILY_F
77,True,7,1,0.29754648644897747,0.45681593437307505,0.9881595462319669,0.011910969409345027,1.0,True,,False,False,gcd_k_not_2,0.0,False,1.0,True,FAMILY_F
79,True,1,1,0.2903932061802903,0.32008058578870907,1.0168188688007282,0.016678611114670346,1.0,True,,False,False,gcd_k_not_2,0.0,False,1.0,True,FAMILY_F
85,True,5,1,0.12950859019586383,0.20175196801390627,1.0233221114549318,0.023053285804464765,1.0,True,,False,False,gcd_k_not_2,0.0,False,1.0,True,FAMILY_F
86,True,11,1,0.1417646080493239,0.26282971433664065,1.0049502982059724,0.004938075732253276,1.0,True,,False,False,gcd_k_not_2,0.16666666666666666,False,1.0,True,FAMILY_F
90,True,7,1,0.12669461544697702,0.21565299799004364,1.0068472287409782,0.006823866453724861,1.0,True,,False,False,gcd_k_not_2,0.0,False,1.0,True,FAMILY_F
93,True,11,1,0.11527073482397172,0.22000588336951307,0.8951610034291856,0.11063861738513428,1.0,True,,False,False,gcd_k_not_2,0.0,False,1.0,True,FAMILY_F
96,True,11,1,0.14383054286800756,0.1852636391599132,0.9742829879337727,0.026052001889700728,1.0,True,,False,False,gcd_k_not_2,0.0,False,1.0,True,FAMILY_F
103,True,11,1,0.08148687755229907,0.12294497407139064,0.9966198611188414,0.0033858612217394775,1.0,True,,False,False,gcd_k_not_2,0.0,False,1.0,True,FAMILY_F
106,True,1,1,0.15202900393621238,0.22909881549424443,1.002582294765781,0.002578964941945579,1.0,True,,False,False,gcd_k_not_2,0.4166666666666667,False,1.0,True,FAMILY_F
108,True,5,1,0.27787194259240783,0.4334312952472673,1.0093717830863238,0.009328072749114739,1.0,True,,False,False,gcd_k_not_2,0.0,False,1.0,True,FAMILY_F
110,True,11,1,0.1068320606720452,0.2174422928511526,0.9605499998192549,0.04024380932328375,1.0,True,,False,False,gcd_k_not_2,0.0,False,1.0,True,FAMILY_F
114,True,1,1,0.11724246177715116,0.21824052498841268,1.0200849504724239,0.019885253308507444,1.0,True,,False,False,gcd_k_not_2,0.25,False,1.0,True,FAMILY_F
118,True,1,1,0.15053077834082867,0.2583071864054821,1.031092908740716,0.030616924126817654,1.0,True,,False,False,gcd_k_not_2,0.0,False,1.0,True,FAMILY_F
123,True,5,1,0.1444522817642829,0.21382653505493623,1.0059221391783637,0.0059046550837604924,1.0,True,,False,False,gcd_k_not_2,0.0,False,1.0,True,FAMILY_F
124,True,11,1,0.14541159287161498,0.2431768011837944,0.9991569860083693,0.0008433694777655969,1.0,True,,False,False,gcd_k_not_2,0.0,False,1.0,True,FAMILY_F
126,True,11,1,0.10648740461901887,0.1912793337574824,1.0293912839279713,0.028965615611675603,1.0,True,,False,False,gcd_k_not_2,0.0,False,1.0,True,FAMILY_F
133,True,7,1,0.1064789958466937,0.1725330784423989,1.139722640584021,0.13059883363750804,1.0,True,,False,False,gcd_k_not_2,0.0,False,1.0,True,FAMILY_F
135,True,5,1,0.15031034209625221,0.2614255985885384,1.009002646673908,0.008962304443762318,1.0,True,,False,False,gcd_k_not_2,0.0,False,1.0,True,FAMILY_F
139,True,7,1,0.14012860134690042,0.24284980777111323,1.0138730522295702,0.013777484349583277,1.0,True,,False,False,gcd_k_not_2,0.0,False,1.0,True,FAMILY_F
141,True,5,1,0.16609777428833825,0.2825882767578301,0.960260408849467,0.0405452163101711,1.0,True,,False,False,gcd_k_not_2,0.0,False,1.0,True,FAMILY_F
147,True,5,1,0.2367002062905306,0.3870749269753162,1.0084847056306783,0.008448862574747931,1.0,True,,False,False,gcd_k_not_2,0.0,False,1.0,True,FAMILY_F
150,True,7,1,0.12422884530848617,0.20714074308674374,0.964158914309777,0.03649509765132009,1.0,True,,False,False,gcd_k_not_2,0.0,False,1.0,True,FAMILY_F
153,True,11,1,0.14448879450640942,0.2450561578670696,1.0154114600650268,0.015293611622640585,1.0,True,,False,False,gcd_k_not_2,0.0,False,1.0,True,FAMILY_F
156,True,1,1,0.22685064932716212,0.3279342334188456,0.98840758648756,0.011659997267378687,1.0,True,,False,False,gcd_k_not_2,0.0,False,1.0,True,FAMILY_F
159,True,5,1,0.16605291984424936,0.26520255408986904,0.83038277652193,0.18533524861982634,1.0,True,,False,False,gcd_k_not_2,0.0,False,1.0,True,FAMILY_F
165,True,7,1,0.10298458478088897,0.16090709977754508,1.0018052109418056,0.0018035830179064048,1.0,True,,False,False,gcd_k_not_2,0.4166666666666667,False,1.0,True,FAMILY_F
169,True,5,1,0.27555768229991706,0.4005187226701634,0.9954774797379586,0.004532770034202765,1.0,True,,False,False,gcd_k_not_2,0.0,False,1.0,True,FAMILY_F
171,True,1,1,0.258680566993226,0.4529486035767727,0.9714896139577736,0.028922684492353724,1.0,True,,False,False,gcd_k_not_2,0.3333333333333333,False,1.0,True,FAMILY_F
172,True,11,1,0.14618800381402708,0.22826162488951718,0.9161802244935205,0.0874863172420376,1.0,True,,False,False,gcd_k_not_2,0.0,False,1.0,True,FAMILY_F
175,True,1,1,0.10424951776982358,0.15057532624578046,1.0224066420867732,0.022158394479612063,1.0,True,,False,False,gcd_k_not_2,1.0,True,1.0,True,FAMILY_F
176,True,11,1,0.1186889219317821,0.18009236396893022,1.008294850146972,0.008260589969012693,1.0,True,,False,False,gcd_k_not_2,0.0,False,1.0,True,FAMILY_F
177,True,7,1,0.4651762729957747,0.5276611896611924,0.9940731726223073,0.005944443222109682,1.0,True,,False,False,gcd_k_not_2,0.0,False,1.0,True,FAMILY_F
182,True,7,1,0.09791384962159473,0.16791820901440896,0.9984949492867717,0.001506184154996654,1.0,True,,False,False,gcd_k_not_2,0.0,False,1.0,True,FAMILY_F
183,True,1,1,0.07541448451624293,0.1313866166439669,0.9797708799002751,0.020435819422441274,1.0,True,,False,False,gcd_k_not_2,0.0,False,1.0,True,FAMILY_F
187,True,7,1,0.1016718337800418,0.1765735734536014,1.027619014283615,0.027242804579215466,1.0,True,,False,False,gcd_k_not_2,0.0,False,1.0,True,FAMILY_F
190,True,1,1,0.12183210994840647,0.1740847085530658,1.0020676544179932,0.0020655190282211494,1.0,True,,False,False,gcd_k_not_2,0.0,False,1.0,True,FAMILY_F
192,True,7,1,0.17069241458127413,0.2657255490942026,1.0137550646470892,0.01366110992202508,1.0,True,,False,False,gcd_k_not_2,0.0,False,1.0,True,FAMILY_F
193,True,1,1,0.17377246180534192,0.2522640154665665,0.9934105305550962,0.006611251765655004,1.0,True,,False,False,gcd_k_not_2,0.0,False,1.0,True,FAMILY_F
200,True,5,1,0.4404446353802134,0.6225646746404399,1.017454650747225,0.017303636283234607,1.0,True,,False,False,gcd_k_not_2,0.0,False,1.0,True,FAMILY_F
204,True,7,1,0.2905321397700984,0.34454122515846586,0.99534782491285,0.00466302168380412,1.0,True,,False,False,gcd_k_not_2,0.0,False,1.0,True,FAMILY_F
206,True,7,1,0.2967525301374655,0.39755332385963166,0.9893310238644091,0.01072619489426727,1.0,True,,False,False,gcd_k_not_2,0.0,False,1.0,True,FAMILY_F
211,True,7,1,0.20420744698550214,0.3314558633482885,1.0146336790447548,0.01452738450366163,1.0,True,,False,False,gcd_k_not_2,0.6666666666666666,False,1.0,True,FAMILY_F
213,True,1,1,0.10847077641763528,0.19230271970900722,1.0071592030217362,0.007133667335364543,1.0,True,,False,False,gcd_k_not_2,0.0,False,1.0,True,FAMILY_F
218,True,5,1,0.18481289300362638,0.3337014104694603,1.0176330330628938,0.017478929789453052,1.0,True,,False,False,gcd_k_not_2,0.08333333333333333,False,1.0,True,FAMILY_F
219,True,7,1,0.14667131010219198,0.24602042433633783,1.0271236714657723,0.02676074661607565,1.0,True,,False,False,gcd_k_not_2,0.0,False,1.0,True,FAMILY_F
220,True,11,1,0.06242411663273739,0.09532443664676789,1.0177859492804482,0.017629173487693998,1.0,True,,False,False,gcd_k_not_2,0.5833333333333334,False,1.0,True,FAMILY_F
221,True,7,1,0.2391174008236705,0.3878620594718992,1.0155287561153186,0.015409113929238443,1.0,True,,False,False,gcd_k_not_2,0.0,False,1.0,True,FAMILY_F
224,True,1,1,0.15868444075973448,0.2721409090902624,0.9764327565660095,0.023848262335965178,1.0,True,,False,False,gcd_k_not_2,0.0,False,1.0,True,FAMILY_F
227,True,11,1,0.12221673599170708,0.22375991615314114,1.0107461119810317,0.010688681099021874,1.0,True,,False,False,gcd_k_not_2,0.0,False,1.0,True,FAMILY_F
229,True,11,1,0.17133893317229607,0.28877480061058186,1.001005012203372,0.0010045074322581923,1.0,True,,False,False,gcd_k_not_2,0.0,False,1.0,True,FAMILY_F
231,True,11,1,0.18090583442727745,0.3023423859225618,0.9796864979843116,0.020521938232514345,1.0,True,,False,False,gcd_k_not_2,0.0,False,1.0,True,FAMILY_F
232,True,7,1,0.2819680873002761,0.49128255312511376,0.9920617638154788,0.007969869537896974,1.0,True,,False,False,gcd_k_not_2,0.0,False,1.0,True,FAMILY_F
235,True,5,1,0.18473077008153663,0.3386433509106419,1.0840441017882647,0.08065482080359868,1.0,True,,False,False,gcd_k_not_2,0.0,False,1.0,True,FAMILY_F
238,True,11,1,0.2134137967208598,0.33338508494251823,0.9917153209089536,0.00831913979279482,1.0,True,,False,False,gcd_k_not_2,0.0,False,1.0,True,FAMILY_F
239,True,7,1,0.09185078158403677,0.15966423806220528,1.0172006575785388,0.017053987677345492,1.0,True,,False,False,gcd_k_not_2,0.0,False,1.0,True,FAMILY_F
240,True,7,1,0.10061634746303717,0.18332434882432122,0.9965775449356975,0.003428321702789371,1.0,True,,False,False,gcd_k_not_2,0.0,False,1.0,True,FAMILY_F
241,True,1,1,0.1388195329792142,0.21141162961943202,1.0251345279217607,0.024822576056272576,1.0,True,,False,False,gcd_k_not_2,0.0,False,1.0,True,FAMILY_F
246,True,5,1,0.14523241329455003,0.1762366888773437,1.0238593516301975,0.023578072864578355,1.0,True,,False,False,gcd_k_not_2,0.0,False,1.0,True,FAMILY_F
250,True,5,1,0.14588928213002825,0.2436870047695362,1.0236755603642897,0.023398573198193762,1.0,True,,False,False,gcd_k_not_2,0.0,False,1.0,True,FAMILY_F
251,True,11,1,0.17575348590967851,0.32318586964670143,0.9911343113632705,0.008905163841669155,1.0,True,,False,False,gcd_k_not_2,0.0,False,1.0,True,FAMILY_F
252,True,7,1,0.19854753001838987,0.29643542158508324,0.9860365345613539,0.014061640051078118,1.0,True,,False,False,gcd_k_not_2,0.0,False,1.0,True,FAMILY_F
262,True,1,1,0.24132594980067593,0.4303562144339376,0.9648591760584362,0.03576930537287388,1.0,True,,False,False,gcd_k_not_2,0.0,False,1.0,True,FAMILY_F
263,True,7,1,0.09689755313528532,0.14317364716397976,0.9969865876920884,0.003017959486041661,1.0,True,,False,False,gcd_k_not_2,0.0,False,1.0,True,FAMILY_F
267,True,11,1,0.24250079948019218,0.39995813992081536,1.018772402039914,0.018597838984667242,1.0,True,,False,False,gcd_k_not_2,0.0,False,1.0,True,FAMILY_F
269,True,11,1,0.1258801618777299,0.193292216865247,1.0481676540792524,0.0470348743017387,1.0,True,,False,False,gcd_k_not_2,0.0,False,1.0,True,FAMILY_F
270,True,5,1,0.18827798725364875,0.2933660197389368,0.9912255771061247,0.008813087773437752,1.0,True,,False,False,gcd_k_not_2,0.0,False,1.0,True,FAMILY_F
274,True,1,1,0.15188877702686154,0.26480691990062466,1.0363869353500696,0.03573675976644826,1.0,True,,False,False,gcd_k_not_2,0.0,False,1.0,True,FAMILY_F
281,True,7,1,0.18105373523275584,0.2182924111710752,1.0082402841193165,0.008206472287682589,1.0,True,,False,False,gcd_k_not_2,0.0,False,1.0,True,FAMILY_F
282,True,1,1,0.19859568455289467,0.3130474254376327,1.0112186317271923,0.01115605389709225,1.0,True,,False,False,gcd_k_not_2,0.0,False,1.0,True,FAMILY_F
284,True,5,1,0.12836119003101001,0.2396506006238806,0.9892901295173886,0.010767529907977443,1.0,True,,False,False,gcd_k_not_2,0.0,False,1.0,True,FAMILY_F
285,True,5,1,0.1317631835756893,0.19671502730645424,1.014506592183077,0.014402129275096015,1.0,True,,False,False,gcd_k_not_2,0.9166666666666666,False,1.0,True,FAMILY_F
288,True,5,1,0.11285844792957979,0.21843303314412696,0.9957383832775693,0.004270716801499791,1.0,True,,False,False,gcd_k_not_2,0.0,False,1.0,True,FAMILY_F
298,True,11,1,0.13686318998013852,0.20780318460557465,0.9975230371986065,0.0024800342777195963,1.0,True,,False,False,gcd_k_not_2,0.0,False,1.0,True,FAMILY_F
299,True,7,1,0.15305173689188908,0.28161829871007366,0.9802041398264533,0.019993756982329792,1.0,True,,False,False,gcd_k_not_2,0.0,False,1.0,True,FAMILY_F
301,True,11,1,0.18238629351313837,0.33048786271040337,1.0055883222553295,0.005572751090857174,1.0,True,,False,False,gcd_k_not_2,0.0,False,1.0,True,FAMILY_F
305,True,1,1,0.11245093177562392,0.22893068271652328,0.9708426745319478,0.029588688985513957,1.0,True,,False,False,gcd_k_not_2,0.0,False,1.0,True,FAMILY_F
306,True,7,1,0.1574586046911573,0.25101870025796064,1.0132887970124063,0.013201083751249286,1.0,True,,False,False,gcd_k_not_2,0.0,False,1.0,True,FAMILY_F
310,True,5,1,0.11570218837959305,0.15963417618494272,0.9934383699200958,0.0065832284347644345,1.0,True,,False,False,gcd_k_not_2,0.75,False,1.0,True,FAMILY_F
311,True,11,1,0.17717402430976467,0.2914490125367821,1.0359615070965338,0.035326313362199144,1.0,True,,False,False,gcd_k_not_2,0.0,False,1.0,True,FAMILY_F
313,True,7,1,0.14796605720564057,0.2671407726321093,0.9813447276419981,0.018830920331772378,1.0,True,,False,False,gcd_k_not_2,0.0,False,1.0,True,FAMILY_F
319,True,1,1,0.09804763998302257,0.19150504819645855,0.9907380684853245,0.009305022756431785,1.0,True,,False,False,gcd_k_not_2,0.75,False,1.0,True,FAMILY_F
320,True,11,1,0.2550941483241765,0.36991031255869644,1.0289150749853282,0.02850299191112014,1.0,True,,False,False,gcd_k_not_2,0.0,False,1.0,True,FAMILY_F
322,True,5,1,0.3640700729824261,0.6477148519057271,1.0268602704712517,0.026504313950568043,1.0,True,,False,False,gcd_k_not_2,0.1111111111111111,False,1.0,True,FAMILY_F
326,True,11,1,0.11020801269847039,0.16639362220162154,1.0657939467410007,0.06369846019231226,1.0,True,,False,False,gcd_k_not_2,0.0,False,1.0,True,FAMILY_F
329,True,1,1,0.13049426950310375,0.21493258066976656,0.9987639943148774,0.0012367700125059033,1.0,True,,False,False,gcd_k_not_2,0.0,False,1.0,True,FAMILY_F
330,True,1,1,0.1374316919546773,0.2366196170290041,1.0088078555058229,0.008769236422171452,1.0,True,,False,False,gcd_k_not_2,0.0,False,1.0,True,FAMILY_F
332,True,7,1,0.4105205032060705,0.7427747124633161,0.9892279664695895,0.010830366063602286,1.0,True,,False,False,gcd_k_not_2,0.0,False,1.0,True,FAMILY_F
333,True,1,1,0.22230624532384466,0.30618294888157027,1.0397026413712487,0.038929832776563394,1.0,True,,False,False,gcd_k_not_2,0.0,False,1.0,True,FAMILY_F
334,True,11,1,0.33904529931551275,0.47375997303433676,0.9871035997610849,0.012980098511688772,1.0,True,,False,False,gcd_k_not_2,0.0,False,1.0,True,FAMILY_F
338,True,7,1,0.13974128296438318,0.2612199169900013,1.0174434976282936,0.017292675258365434,1.0,True,,False,False,gcd_k_not_2,0.0,False,1.0,True,FAMILY_F
339,True,1,1,0.11636899487415438,0.14565589327405584,1.0117846854218262,0.011715652780561097,1.0,True,,False,False,gcd_k_not_2,0.0,False,1.0,True,FAMILY_F
341,True,5,1,0.14199369415071383,0.26061511719935154,1.0024302449109814,0.002427295449774398,1.0,True,,False,False,gcd_k_not_2,0.0,False,1.0,True,FAMILY_F
342,True,11,1,0.1553980217900309,0.254506553691145,1.0012585044251714,0.00125771300647931,1.0,True,,False,False,gcd_k_not_2,0.0,False,1.0,True,FAMILY_F
346,True,5,1,0.19292242497020107,0.29615016074570594,1.0214882530787652,0.02125983472428126,1.0,True,,False,False,gcd_k_not_2,0.0,False,1.0,True,FAMILY_F
350,True,1,1,0.2805050856726533,0.4792757147467542,1.0018727426135732,0.001870990671592946,1.0,True,,False,False,gcd_k_not_2,0.0,False,1.0,True,FAMILY_F
353,True,5,1,0.11242251702056659,0.16429694612368612,1.0139134505246923,0.013817327175671208,1.0,True,,False,False,gcd_k_not_2,0.0,False,1.0,True,FAMILY_F
356,True,5,1,0.14848902828802937,0.20565822312997606,1.0282261829483554,0.02783336807862722,1.0,True,,False,False,gcd_k_not_2,0.0,False,1.0,True,FAMILY_F
358,True,1,1,0.11971342853859245,0.17968873435019006,1.027583953957482,0.0272086922996635,1.0,True,,False,False,gcd_k_not_2,0.3055555555555556,False,1.0,True,FAMILY_F
362,True,1,1,0.14420870179439105,0.22326863065537464,1.0020369297247465,0.0020348572940925213,1.0,True,,False,False,gcd_k_not_2,0.0,False,1.0,True,FAMILY_F
363,True,5,1,0.1969387406505556,0.38235942144623525,0.9597907911628734,0.0410341848920189,1.0,True,,False,False,gcd_k_not_2,0.0,False,1.0,True,FAMILY_F
366,True,11,1,0.15161431966741154,0.2107642913851478,0.9906880568736347,0.00935550207799971,1.0,True,,False,False,gcd_k_not_2,0.0,False,1.0,True,FAMILY_F
367,True,5,1,0.16504037956341525,0.2648751607664604,0.9920190486803181,0.00801292670867697,1.0,True,,False,False,gcd_k_not_2,0.0,False,1.0,True,FAMILY_F
368,True,5,1,0.17920596797805893,0.28508763920821106,1.019612961285718,0.019422494964809675,1.0,True,,False,False,gcd_k_not_2,0.0,False,1.0,True,FAMILY_F
370,True,7,1,0.1299844079253005,0.2033845656456491,1.027856692626743,0.02747402489340539,1.0,True,,False,False,gcd_k_not_2,0.0,False,1.0,True,FAMILY_F
372,True,1,1,0.10013311857716449,0.16623404130697383,0.9968951477621485,0.003109679785972704,1.0,True,,False,False,gcd_k_not_2,0.0,False,1.0,True,FAMILY_F
375,True,11,1,0.1055063571363983,0.19449519146888639,0.9604245794975825,0.04037433616809662,1.0,True,,False,False,gcd_k_not_2,0.0,False,1.0,True,FAMILY_F
376,True,7,1,0.12140585060190856,0.20178500881374603,0.9948870031160189,0.0051261017551316014,1.0,True,,False,False,gcd_k_not_2,0.0,False,1.0,True,FAMILY_F
377,True,7,1,0.1686592667511758,0.29831459467496824,0.9928046148280022,0.007221365424847571,1.0,True,,False,False,gcd_k_not_2,0.3333333333333333,False,1.0,True,FAMILY_F
379,True,5,1,0.14182347208403695,0.22748652397616942,1.0019891788699358,0.001987202419404391,1.0,True,,False,False,gcd_k_not_2,0.0,False,1.0,True,FAMILY_F
383,True,1,1,0.10829801710743688,0.19400880054457084,1.0253683129588729,0.025050567639040525,1.0,True,,False,False,gcd_k_not_2,0.0,False,1.0,True,FAMILY_F
384,True,7,1,0.09388501468311318,0.18145526398957265,0.9353157755153697,0.06684617084507058,1.0,True,,False,False,gcd_k_not_2,0.0,False,1.0,True,FAMILY_F
385,True,7,1,0.12696611200533683,0.2098380342111118,1.0077829941485896,0.00775282405645643,1.0,True,,False,False,gcd_k_not_2,0.0,False,1.0,True,FAMILY_F
386,True,1,1,0.1282424208608583,0.21079457334013596,1.0075228777848007,0.007494686977716294,1.0,True,,False,False,gcd_k_not_2,0.0,False,1.0,True,FAMILY_F
387,True,5,1,0.10705668081457663,0.2046463583097124,0.9580674793693081,0.04283051638669601,1.0,True,,False,False,gcd_k_not_2,0.0,False,1.0,True,FAMILY_F
388,True,11,1,0.1373907270361159,0.2646089986449643,0.9868348578107706,0.01325237690236178,1.0,True,,False,False,gcd_k_not_2,0.0,False,1.0,True,FAMILY_F
393,True,7,1,0.20672865670560267,0.29887765956179924,1.0109021576433632,0.010843051315972244,1.0,True,,False,False,gcd_k_not_2,0.0,False,1.0,True,FAMILY_F
395,True,11,1,0.21584682089740126,0.2939856292137517,0.9911573496470373,0.008881920210404477,1.0,True,,False,False,gcd_k_not_2,0.0,False,1.0,True,FAMILY_F
398,True,11,1,0.16819538038327483,0.2879910493063261,1.0098763088430158,0.00982777775882254,1.0,True,,False,False,gcd_k_not_2,0.0,False,1.0,True,FAMILY_F
399,True,1,1,0.11007158302287791,0.1491206066713848,1.0260965780807034,0.025760448305405498,1.0,True,,False,False,gcd_k_not_2,0.0,False,1.0,True,FAMILY_F
402,True,7,1,0.22584070125788777,0.2594318733297228,1.01393121004698,0.013834842002031392,1.0,True,,False,False,gcd_k_not_2,0.0,False,1.0,True,FAMILY_F
403,True,1,1,0.1685820600127462,0.3125286160268041,0.9967292810165587,0.0032760765463169354,1.0,True,,False,False,gcd_k_not_2,0.0,False,1.0,True,FAMILY_F
405,True,11,1,0.12660876676574917,0.1629247943526503,0.9983742572134887,0.0016270653814147564,1.0,True,,False,False,gcd_k_not_2,0.0,False,1.0,True,FAMILY_F
406,True,1,1,0.1337794427892769,0.2264191769850294,0.9906811074384108,0.009362516705230334,1.0,True,,False,False,gcd_k_not_2,0.0,False,1.0,True,FAMILY_F
408,True,7,1,0.21371003287151746,0.33226585208394427,1.0226173428144014,0.022364430815104357,1.0,True,,False,False,gcd_k_not_2,0.0,False,1.0,True,FAMILY_F
410,True,1,1,0.24977914472721433,0.44172937627080283,0.9557576371255075,0.04524319581798295,1.0,True,,False,False,gcd_k_not_2,0.0,False,1.0,True,FAMILY_F
414,True,7,1,0.44725239348584606,0.4915914723524237,0.9955175494171759,0.004492519330770377,1.0,True,,False,False,gcd_k_not_2,0.0,False,1.0,True,FAMILY_F
418,True,1,1,0.4097127492917844,0.7551519116733848,1.0085204080527814,0.00848426335985471,1.0,True,,False,False,gcd_k_not_2,0.0,False,1.0,True,FAMILY_F
421,True,7,1,0.17002296655679955,0.2929486710340672,0.9799297788587238,0.020273669657966474,1.0,True,,False,False,gcd_k_not_2,0.0,False,1.0,True,FAMILY_F
422,True,1,1,0.1207072239382539,0.1844705081441103,1.0031802253177582,0.0031751764295234815,1.0,True,,False,False,gcd_k_not_2,0.0,False,1.0,True,FAMILY_F
424,True,5,1,0.1591636153174741,0.2485995343444544,1.0080765380368817,0.008044053982899795,1.0,True,,False,False,gcd_k_not_2,0.0,False,1.0,True,FAMILY_F
426,True,11,1,0.12013021749849846,0.1646820012385046,0.9885253078435308,0.011540906330141786,1.0,True,,False,False,gcd_k_not_2,0.0,False,1.0,True,FAMILY_F
428,True,7,1,0.10535261384369865,0.16327141262724718,0.9984287594989506,0.0015724758699362882,1.0,True,,False,False,gcd_k_not_2,1.0,True,1.0,True,FAMILY_F
437,True,5,1,0.15293123625782162,0.2676675729827496,0.9723741018615955,0.0280128380435844,1.0,True,,False,False,gcd_k_not_2,0.027777777777777776,False,1.0,True,FAMILY_F
438,True,1,1,0.18234826283848735,0.2793874432735883,1.004074919475026,0.004066633872244192,1.0,True,,False,False,gcd_k_not_2,0.0,False,1.0,True,FAMILY_F
439,True,11,1,0.2064048267355182,0.3022904623129308,0.9639779828319951,0.0366827097685304,1.0,True,,False,False,gcd_k_not_2,0.0,False,1.0,True,FAMILY_F
440,True,1,1,0.22587563923346202,0.2839391101932845,0.999018211867423,0.0009822703232502017,1.0,True,,False,False,gcd_k_not_2,0.0,False,1.0,True,FAMILY_F
443,True,1,1,0.17642089898137536,0.3001455762293869,0.9818624962241428,0.01830349361816266,1.0,True,,False,False,gcd_k_not_2,0.0,False,1.0,True,FAMILY_F
448,True,5,1,0.27953222996963434,0.36814393601176765,0.9936457682030966,0.0063744842722291695,1.0,True,,False,False,gcd_k_not_2,0.0,False,1.0,True,FAMILY_F
449,True,11,1,0.21713767586265328,0.2987607273766208,0.9903340244598926,0.009712917953789608,1.0,True,,False,False,gcd_k_not_2,0.0,False,1.0,True,FAMILY_F
451,True,1,1,0.2581369988408814,0.46263664228418133,0.9903655372482337,0.009681098844874857,1.0,True,,False,False,gcd_k_not_2,0.0,False,1.0,True,FAMILY_F
461,True,5,1,0.13021605935942618,0.21774821142485812,1.063501745650117,0.06154755699526721,1.0,True,,False,False,gcd_k_not_2,0.0,False,1.0,True,FAMILY_F
463,True,1,1,0.09673290914884217,0.14290253952298926,1.0177655240002277,0.01760910649816974,1.0,True,,False,False,gcd_k_not_2,0.0,False,1.0,True,FAMILY_F
465,True,5,1,0.10392459153094082,0.15977425427496889,0.9843820827361301,0.015740836807330315,1.0,True,,False,False,gcd_k_not_2,0.0,False,1.0,True,FAMILY_F
470,True,11,1,0.18301333719167442,0.26762452172768064,1.0051423651387534,0.005129177088029515,1.0,True,,False,False,gcd_k_not_2,0.0,False,1.0,True,FAMILY_F
472,True,7,1,0.1106607177834641,0.16709840376208213,1.0315824638776283,0.031091490932982024,1.0,True,,False,False,gcd_k_not_2,0.0,False,1.0,True,FAMILY_F
473,True,7,1,0.6367176230376365,1.0788447605516671,1.0143617551688702,0.014259360447067528,1.0,True,,False,False,gcd_k_not_2,0.3333333333333333,False,1.0,True,FAMILY_F
474,True,5,1,0.11435056137387219,0.16452713300794922,0.9980466689276263,0.001955240688569242,1.0,True,,False,False,gcd_k_not_2,0.0,False,1.0,True,FAMILY_F
475,True,1,1,0.14463609548152814,0.24688734669589385,1.0053759370521227,0.005361525440486981,1.0,True,,False,False,gcd_k_not_2,0.0,False,1.0,True,FAMILY_F
483,True,11,1,0.18241206070716431,0.30741790908693034,1.0001978834668672,0.00019786388987095925,1.0,True,,False,False,gcd_k_not_2,0.4166666666666667,False,1.0,True,FAMILY_F
484,True,11,1,0.0876073241602052,0.16776024843753762,1.0115034543863848,0.011437668040091772,1.0,True,,False,False,gcd_k_not_2,0.0,False,1.0,True,FAMILY_F
487,True,7,1,0.15821132874071817,0.21096394314602884,1.034812907682436,0.034217305729681444,1.0,True,,False,False,gcd_k_not_2,0.0,False,1.0,True,FAMILY_F
488,True,5,1,0.19236206106831885,0.3148040384183178,0.9505415223642991,0.05071256065930967,1.0,True,,False,False,gcd_k_not_2,0.0,False,1.0,True,FAMILY_F
493,True,1,1,0.32899529827016405,0.4729034232733355,1.0028205171944573,0.0028165451374628143,1.0,True,,False,False,gcd_k_not_2,1.0,True,1.0,True,FAMILY_F
498,True,1,1,0.1319833258057623,0.22437130102777117,1.0242664199996512,0.023975519980868228,1.0,True,,False,False,gcd_k_not_2,0.0,False,1.0,True,FAMILY_F
506,True,11,1,0.08329517963855192,0.15239922405020948,0.9398401906642458,0.062025531407465154,1.0,True,,False,False,gcd_k_not_2,0.0,False,1.0,True,FAMILY_F
507,True,5,1,0.1361871848285561,0.1705914577869127,0.975057704923297,0.025257282371576758,1.0,True,,False,False,gcd_k_not_2,0.0,False,1.0,True,FAMILY_F
512,True,1,1,0.24283797693247106,0.342129551007312,0.9748634739220917,0.025456469684951948,1.0,True,,False,False,gcd_k_not_2,0.0,False,1.0,True,FAMILY_F
513,True,7,1,0.3144188133221624,0.39348849803425645,1.0074920070505489,0.007464046705277991,1.0,True,,False,False,gcd_k_not_2,0.0,False,1.0,True,FAMILY_F
515,True,11,1,0.2998437105009592,0.4817221795019388,0.9964406925994936,0.003565653028111705,1.0,True,,False,False,gcd_k_not_2,0.0,False,1.0,True,FAMILY_F
516,True,5,1,0.2339827227429487,0.3917334898925227,0.9826023691716339,0.017550297627895083,1.0,True,,False,False,gcd_k_not_2,0.8333333333333334,False,1.0,True,FAMILY_F
517,True,7,1,0.14191299302483437,0.2705718002848751,0.9675946578616517,0.032939042611109706,1.0,True,,False,False,gcd_k_not_2,0.0,False,1.0,True,FAMILY_F
520,True,5,1,0.13934987463670287,0.2283667214138952,0.9914155139829448,0.008621491553900512,1.0,True,,False,False,gcd_k_not_2,0.1527777777777778,False,1.0,True,FAMILY_F
521,True,5,1,0.09802800003174286,0.17517561568858314,0.9780699627065792,0.02217316647730107,1.0,True,,False,False,gcd_k_not_2,0.0,False,1.0,True,FAMILY_F
523,True,11,1,0.11070044258838777,0.18411960986435527,1.017935549993834,0.01777613759159829,1.0,True,,False,False,gcd_k_not_2,0.0,False,1.0,True,FAMILY_F
539,True,5,1,0.17113979815278116,0.24743206112894758,1.0120684724326159,0.01199608522072298,1.0,True,,False,False,gcd_k_not_2,0.0,False,1.0,True,FAMILY_F
541,True,5,1,0.29601862726462025,0.4788299222732142,0.9860434914393851,0.014054585028749789,1.0,True,,False,False,gcd_k_not_2,0.0,False,1.0,True,FAMILY_F
543,True,11,1,0.15606423036048966,0.2899040445221762,1.0158105687686292,0.015686562034732513,1.0,True,,False,False,gcd_k_not_2,0.0,False,1.0,True,FAMILY_F
545,True,1,1,0.26577522355186317,0.43115899018395265,0.988621083021978,0.011444027296271227,1.0,True,,False,False,gcd_k_not_2,0.6666666666666666,False,1.0,True,FAMILY_F
548,True,5,1,0.12985588364983594,0.24238549941600582,0.9651021188177462,0.035517626130543524,1.0,True,,False,False,gcd_k_not_2,0.0,False,1.0,True,FAMILY_F
551,True,11,1,0.14511227942080707,0.22991462464152243,1.0257140566075449,0.02538764691262317,1.0,True,,False,False,gcd_k_not_2,0.0,False,1.0,True,FAMILY_F
553,True,7,1,0.10815884721439968,0.17228537749535577,0.9929226528264458,0.0071024805338198585,1.0,True,,False,False,gcd_k_not_2,0.6666666666666666,False,1.0,True,FAMILY_F
559,True,7,1,0.17984683199448978,0.2755565918342052,0.9924193653741235,0.007609476958133404,1.0,True,,False,False,gcd_k_not_2,0.3333333333333333,False,1.0,True,FAMILY_F
560,True,1,1,0.15677697520299466,0.25974338477655823,1.01895368760667,0.018775752730750623,1.0,True,,False,False,gcd_k_not_2,0.0,False,1.0,True,FAMILY_F
566,True,5,1,0.21904364961699,0.3669299375692239,0.9855581905303396,0.014546850894158908,1.0,True,,False,False,gcd_k_not_2,0.3333333333333333,False,1.0,True,FAMILY_F
568,True,1,1,0.17047365833639594,0.2753359239090286,1.0091907644684521,0.00914872259119068,1.0,True,,False,False,gcd_k_not_2,0.0,False,1.0,True,FAMILY_F
569,True,1,1,0.09080013152010934,0.17481192476211194,1.0314583534263326,0.03097120191833984,1.0,True,,False,False,gcd_k_not_2,0.0,False,1.0,True,FAMILY_F
577,True,5,1,0.17924025456125378,0.3000575748782351,0.9957778436661291,0.004231088492409556,1.0,True,,False,False,gcd_k_not_2,0.0,False,1.0,True,FAMILY_F
582,True,5,1,0.1979803316074993,0.32629923012650136,1.0112426250222373,0.01117977998513517,1.0,True,,False,False,gcd_k_not_2,0.0,False,1.0,True,FAMILY_F
595,True,1,1,0.1766396956639089,0.2860547791402988,0.9859787214690804,0.01412027065481119,1.0,True,,False,False,gcd_k_not_2,0.0,False,1.0,True,FAMILY_F
599,True,11,1,0.15182797363825878,0.26359920038185686,0.9836289837221529,0.016506127317345316,1.0,True,,False,False,gcd_k_not_2,0.0,False,1.0,True,FAMILY_F
601,True,7,1,0.2069171409571615,0.3572108109515316,0.8257012973692425,0.19093890427959329,1.0,True,,False,False,gcd_k_not_2,0.0,False,1.0,True,FAMILY_F
602,True,1,1,0.12243279919518807,0.22048136548793332,0.9807230272613572,0.01946458184544466,1.0,True,,False,False,gcd_k_not_2,0.0,False,1.0,True,FAMILY_F
606,True,1,1,0.49311800044923804,0.9072824523696315,0.9800240315055169,0.02017750105719111,1.0,True,,False,False,gcd_k_not_2,0.06944444444444445,False,1.0,True,FAMILY_F
609,True,11,1,0.08289140046848026,0.15175083653392357,0.9973053857911729,0.002698249579655266,1.0,True,,False,False,gcd_k_not_2,0.0,False,1.0,True,FAMILY_F
612,True,5,1,0.1767932579380714,0.26465731970218925,1.037454088488608,0.036765577884890384,1.0,True,,False,False,gcd_k_not_2,0.0,False,1.0,True,FAMILY_F
613,True,11,1,0.30076135594162867,0.5028212951420916,0.9995959300889193,0.0004041515638239179,1.0,True,,False,False,gcd_k_not_2,0.0,False,1.0,True,FAMILY_F
616,True,7,1,0.10295346748163438,0.15105204809267161,1.0016545115485103,0.0016531439756107633,1.0,True,,False,False,gcd_k_not_2,1.0,True,1.0,True,FAMILY_F
628,True,7,1,0.3584680463017062,0.6546659569411051,0.9911368290160597,0.008902623722067463,1.0,True,,False,False,gcd_k_not_2,0.0,False,1.0,True,FAMILY_F
632,True,7,1,0.3394871289848815,0.4883563160923366,1.0065063415965227,0.006485243990154479,1.0,True,,False,False,gcd_k_not_2,0.0,False,1.0,True,FAMILY_F
635,True,11,1,0.46320141945989307,0.4850295802844508,0.9959860256808958,0.004022046514814581,1.0,True,,False,False,gcd_k_not_2,0.0,False,1.0,True,FAMILY_F
638,True,1,1,0.12053934364891489,0.2023886033160372,0.9956232489599615,0.004386350021046862,1.0,True,,False,False,gcd_k_not_2,0.0,False,1.0,True,FAMILY_F
640,True,5,1,0.10676659921232304,0.18071868123573645,1.0138835825212433,0.013787870005734842,1.0,True,,False,False,gcd_k_not_2,0.0,False,1.0,True,FAMILY_F
642,True,5,1,0.24905293907139392,0.30853232676667786,1.0247908444438238,0.024487313849577766,1.0,True,,False,False,gcd_k_not_2,0.0,False,1.0,True,FAMILY_F
648,True,5,1,0.12696252649591294,0.18155633768007817,1.0286542391952158,0.02824950515626878,1.0,True,,False,False,gcd_k_not_2,0.0,False,1.0,True,FAMILY_F
654,True,5,1,0.17872275288252057,0.2590101557144278,0.9979034165461291,0.002098783591346316,1.0,True,,False,False,gcd_k_not_2,0.0,False,1.0,True,FAMILY_F
655,True,7,1,0.324147517473912,0.4388711023864349,1.0073566815475403,0.007329720338359339,1.0,True,,False,False,gcd_k_not_2,0.0,False,1.0,True,FAMILY_F
658,True,1,1,0.1015766316214838,0.1524788758303908,0.9816797250454896,0.018489642622840897,1.0,True,,False,False,gcd_k_not_2,0.0,False,1.0,True,FAMILY_F
667,True,11,1,0.1961215245369638,0.27059298495168377,1.0378090328624099,0.03710753289703637,1.0,True,,False,False,gcd_k_not_2,0.0,False,1.0,True,FAMILY_F
669,True,11,1,0.20498324826764514,0.34007598572967246,0.9507444131431817,0.05049927250844117,1.0,True,,False,False,gcd_k_not_2,0.0,False,1.0,True,FAMILY_F
670,True,5,1,0.20821567047248313,0.27460357982220257,0.9676146916202538,0.03291834373637267,1.0,True,,False,False,gcd_k_not_2,0.0,False,1.0,True,FAMILY_F
671,True,1,1,0.36735090912190543,0.5887803260537977,1.0028668121152573,0.0028627086912780403,1.0,True,,False,False,gcd_k_not_2,0.7916666666666666,False,1.0,True,FAMILY_F
673,True,1,1,0.13394278173886745,0.19276520862396693,1.0054631496647801,0.005448267314902639,1.0,True,,False,False,gcd_k_not_2,0.0,False,1.0,True,FAMILY_F
676,True,1,1,0.13418696203235533,0.20953781682728187,1.0012783249766317,0.0012775084411576776,1.0,True,,False,False,gcd_k_not_2,0.0,False,1.0,True,FAMILY_F
677,True,5,1,0.1055394321837205,0.198095610254517,1.002161567180125,0.0021592335159738053,1.0,True,,False,False,gcd_k_not_2,0.0,False,1.0,True,FAMILY_F
679,True,5,1,0.1684394758694817,0.2546670407386711,1.0071078814596732,0.007082709928381122,1.0,True,,False,False,gcd_k_not_2,0.0,False,1.0,True,FAMILY_F
681,True,1,1,0.10053572349469081,0.175703079398272,1.0049798507644168,0.004967482104638677,1.0,True,,False,False,gcd_k_not_2,0.0,False,1.0,True,FAMILY_F
682,True,1,1,0.13567738365449283,0.1869828500558246,0.9974466402776231,0.00255662371238316,1.0,True,,False,False,gcd_k_not_2,0.9166666666666666,False,1.0,True,FAMILY_F
684,True,11,1,0.3980075501470111,0.6727470652034694,1.010263199395389,0.010210801648735108,1.0,True,,False,False,gcd_k_not_2,0.0,False,1.0,True,FAMILY_F
687,True,7,1,0.18333547926644603,0.3229640256829194,0.9935072713946248,0.006513875016701614,1.0,True,,False,False,gcd_k_not_2,0.0,False,1.0,True,FAMILY_F
692,True,7,1,0.16124836807991533,0.24083922094048776,1.0040065231462918,0.003998513078691583,1.0,True,,False,False,gcd_k_not_2,0.0,False,1.0,True,FAMILY_F
693,True,1,1,0.09926938017096547,0.18281798656745785,0.9946254259580449,0.005389055982151245,1.0,True,,False,False,gcd_k_not_2,0.0,False,1.0,True,FAMILY_F
698,True,1,1,0.12057315224961061,0.2307033083912185,0.9738863607651178,0.02645911107543193,1.0,True,,False,False,gcd_k_not_2,0.0,False,1.0,True,FAMILY_F
700,True,5,1,0.29826083396406466,0.542242999227087,0.9838108362307909,0.016321277687915296,1.0,True,,False,False,gcd_k_not_2,0.0,False,1.0,True,FAMILY_F
701,True,7,1,0.11331780796750203,0.20292895070034625,0.9818925792084005,0.01827285795563345,1.0,True,,False,False,gcd_k_not_2,0.08333333333333333,False,1.0,True,FAMILY_F
704,True,7,1,0.3090792987618297,0.5020053247735352,1.0227803208321251,0.022523771461998122,1.0,True,,False,False,gcd_k_not_2,0.0,False,1.0,True,FAMILY_F
705,True,1,1,0.14525408871520856,0.24744806071756634,0.9638862866956875,0.03677780485455207,1.0,True,,False,False,gcd_k_not_2,0.0,False,1.0,True,FAMILY_F
710,True,5,1,0.11755260304405116,0.1869328272062559,0.8905880650936535,0.11574381212538389,1.0,True,,False,False,gcd_k_not_2,0.0,False,1.0,True,FAMILY_F
712,True,7,1,0.27656258271710055,0.3721363211982088,1.0204143115539448,0.02020804489178626,1.0,True,,False,False,gcd_k_not_2,0.0,False,1.0,True,FAMILY_F
717,True,7,1,0.1492316013664871,0.22949981777740286,1.0032848095243707,0.0032794233837880474,1.0,True,,False,False,gcd_k_not_2,0.0,False,1.0,True,FAMILY_F
721,True,1,1,0.15233221998505184,0.19522406904218298,0.9838394770767162,0.01629216789969028,1.0,True,,False,False,gcd_k_not_2,0.0,False,1.0,True,FAMILY_F
722,True,11,1,0.22418148601337098,0.284100719219048,1.0188576914555774,0.018681546040009437,1.0,True,,False,False,gcd_k_not_2,0.0,False,1.0,True,FAMILY_F
723,True,1,1,0.18954919919766092,0.292942969517269,0.9843526813403733,0.015770703269397997,1.0,True,,False,False,gcd_k_not_2,0.4097222222222222,False,1.0,True,FAMILY_F
726,True,11,1,0.16380767257572582,0.27409709264731497,0.9517858404685777,0.04940517400192553,1.0,True,,False,False,gcd_k_not_2,0.0,False,1.0,True,FAMILY_F
728,True,7,1,0.3500250449069422,0.5900965015210752,0.9933113638641298,0.006711080122378821,1.0,True,,False,False,gcd_k_not_2,0.0,False,1.0,True,FAMILY_F
733,True,11,1,0.10941100793256803,0.20397031787217812,1.00799352103849,0.007961700030143473,1.0,True,,False,False,gcd_k_not_2,0.0,False,1.0,True,FAMILY_F
735,True,5,1,0.15696069200390814,0.28550256018807957,1.023749853020059,0.02347113501662963,1.0,True,,False,False,gcd_k_not_2,0.0,False,1.0,True,FAMILY_F
737,True,1,1,0.15904664575386254,0.29107596107296574,1.026161028204824,0.025823246860100357,1.0,True,,False,False,gcd_k_not_2,0.0,False,1.0,True,FAMILY_F
738,True,5,1,0.15635071380084026,0.24649588693437124,1.0063571425752875,0.006336999969135884,1.0,True,,False,False,gcd_k_not_2,0.0,False,1.0,True,FAMILY_F
740,True,1,1,0.15811534229312302,0.2768611088413105,0.9978737873381066,0.002128475457627679,1.0,True,,False,False,gcd_k_not_2,0.0,False,1.0,True,FAMILY_F
742,True,5,1,0.10991029655496669,0.1820656657682244,0.9960499719342545,0.003957844864893662,1.0,True,,False,False,gcd_k_not_2,0.0,False,1.0,True,FAMILY_F
745,True,7,1,0.10132469685976225,0.18319013956301883,0.9858466811100454,0.014254190944935657,1.0,True,,False,False,gcd_k_not_2,0.4166666666666667,False,1.0,True,FAMILY_F
747,True,11,1,0.13580307834244548,0.2294555141977301,1.003112509095833,0.003107672765957633,1.0,True,,False,False,gcd_k_not_2,0.0,False,1.0,True,FAMILY_F
748,True,11,1,0.14865582034536617,0.2002698654430624,0.9884424008040794,0.011624776449392742,1.0,True,,False,False,gcd_k_not_2,1.0,True,1.0,True,FAMILY_F
749,True,1,1,0.28896593143010796,0.383566106941357,0.9899489072867284,0.010101860079388852,1.0,True,,False,False,gcd_k_not_2,0.0,False,1.0,True,FAMILY_F
753,True,1,1,0.20731865586806084,0.3451745508649079,0.995654808656533,0.004354652242080048,1.0,True,,False,False,gcd_k_not_2,0.25,False,1.0,True,FAMILY_F
757,True,7,1,0.13187937524575716,0.23779510431890735,1.000833645636468,0.0008332982987226162,1.0,True,,False,False,gcd_k_not_2,0.0,False,1.0,True,FAMILY_F
762,True,11,1,0.09892196198690287,0.1769634735510012,0.9894151904624141,0.010641126687210605,1.0,True,,False,False,gcd_k_not_2,0.0,False,1.0,True,FAMILY_F
763,True,1,1,0.12633596495329552,0.2412899157160385,1.0230714309691984,0.022808320671253417,1.0,True,,False,False,gcd_k_not_2,0.0,False,1.0,True,FAMILY_F
765,True,1,1,0.2672945888648513,0.40665835951968426,0.9834937470489896,0.016643614809038993,1.0,True,,False,False,gcd_k_not_2,0.0,False,1.0,True,FAMILY_F
766,True,7,1,0.17531380703907526,0.30817761370640234,1.0176306248177702,0.01747656345111501,1.0,True,,False,False,gcd_k_not_2,0.0,False,1.0,True,FAMILY_F
769,True,5,1,0.19268558248290094,0.25282852601506905,0.9932833289650264,0.0067393038785520665,1.0,True,,False,False,gcd_k_not_2,0.0,False,1.0,True,FAMILY_F
770,True,5,1,0.1517456153081495,0.2653105178480895,0.9708303963683746,0.02960133320997672,1.0,True,,False,False,gcd_k_not_2,0.0,False,1.0,True,FAMILY_F
772,True,7,1,0.21516322950683298,0.3454753768452931,0.9718740266950889,0.02852715023793977,1.0,True,,False,False,gcd_k_not_2,0.3333333333333333,False,1.0,True,FAMILY_F
773,True,1,1,0.11825458322861186,0.15583589769362244,1.0135570569403147,0.013465778775512093,1.0,True,,False,False,gcd_k_not_2,1.0,True,1.0,True,FAMILY_F
774,True,11,1,0.14475593008926882,0.1791660785857941,1.004736915993197,0.004725723316019443,1.0,True,,False,False,gcd_k_not_2,0.0,False,1.0,True,FAMILY_F
776,True,7,1,0.28705003552465397,0.4671666811779464,0.9567947088518322,0.04415924772560225,1.0,True,,False,False,gcd_k_not_2,0.0,False,1.0,True,FAMILY_F
777,True,1,1,0.20049459096269523,0.336274281630257,0.9793099325324018,0.020906344304680458,1.0,True,,False,False,gcd_k_not_2,0.0,False,1.0,True,FAMILY_F
779,True,11,1,0.33416957326081587,0.443423971867918,1.0241929164105026,0.023903765510061972,1.0,True,,False,False,gcd_k_not_2,0.0,False,1.0,True,FAMILY_F
783,True,1,1,0.17104603291557102,0.27582906197148815,0.9856362051555508,0.01446770038454641,1.0,True,,False,False,gcd_k_not_2,0.0,False,1.0,True,FAMILY_F
784,True,7,1,0.11585428089614498,0.22679768082895155,1.0115548980890317,0.011488523728593034,1.0,True,,False,False,gcd_k_not_2,0.0,False,1.0,True,FAMILY_F
785,True,5,1,0.23288531409117386,0.2878722801876479,1.0093322802533993,0.009288936772789302,1.0,True,,False,False,gcd_k_not_2,0.0,False,1.0,True,FAMILY_F
787,True,5,1,0.24386652969335176,0.43321461784701315,1.0073694199618186,0.00734236547447141,1.0,True,,False,False,gcd_k_not_2,0.0,False,1.0,True,FAMILY_F
788,True,11,1,0.10516702479466787,0.1441526749760679,0.994700913089833,0.005313164370049497,1.0,True,,False,False,gcd_k_not_2,0.0,False,1.0,True,FAMILY_F
790,True,11,1,0.20592257323979943,0.29395404365766925,1.0235848683457267,0.023309986860108538,1.0,True,,False,False,gcd_k_not_2,1.0,True,1.0,True,FAMILY_F
792,True,11,1,0.5081449284359788,0.9762989797861166,1.003597991799479,0.00359153065056496,1.0,True,,False,False,gcd_k_not_2,0.0,False,1.0,True,FAMILY_F
795,True,1,1,0.24738695798518856,0.36527841362732144,1.0031350266798655,0.0031301201747359385,1.0,True,,False,False,gcd_k_not_2,0.0,False,1.0,True,FAMILY_F
796,True,5,1,0.22082160201976897,0.36905039379372795,1.018962502083949,0.018784402448659886,1.0,True,,False,False,gcd_k_not_2,0.0,False,1.0,True,FAMILY_F
801,True,1,1,0.11713658324649237,0.21977041067510808,0.9572790918878782,0.043653363783614264,1.0,True,,False,False,gcd_k_not_2,0.0,False,1.0,True,FAMILY_F
804,True,5,1,0.12628119207707084,0.22558662030404794,0.9426994541371695,0.058990643911288915,1.0,True,,False,False,gcd_k_not_2,0.0,False,1.0,True,FAMILY_F
807,True,11,1,0.11320766787564492,0.19342616525437745,0.9794424486304589,0.02077105235746,1.0,True,,False,False,gcd_k_not_2,0.0,False,1.0,True,FAMILY_F
808,True,11,1,0.12108249865422908,0.20231478120827534,1.027852384294505,0.027469834106485114,1.0,True,,False,False,gcd_k_not_2,0.0,False,1.0,True,FAMILY_F
813,True,5,1,0.2503247639093996,0.37797371294118043,0.9937960746529845,0.00622322957285918,1.0,True,,False,False,gcd_k_not_2,0.0,False,1.0,True,FAMILY_F
818,True,1,1,0.29577471728550264,0.46510280950431326,0.9991742804448215,0.0008260606023750637,1.0,True,,False,False,gcd_k_not_2,0.0,False,1.0,True,FAMILY_F
821,True,5,1,0.24594896121845572,0.4019561199460685,0.999508781324273,0.000491339353260219,1.0,True,,False,False,gcd_k_not_2,0.3333333333333333,False,1.0,True,FAMILY_F
823,True,1,1,0.14075210382225906,0.24600321309601098,0.9941504746842651,0.005866683973947394,1.0,True,,False,False,gcd_k_not_2,0.0,False,1.0,True,FAMILY_F
825,True,1,1,0.15295183467026227,0.2635293066659437,0.9989177122448717,0.0010828737456259022,1.0,True,,False,False,gcd_k_not_2,0.6597222222222222,False,1.0,True,FAMILY_F
827,True,1,1,0.3238352335776916,0.6089022434141059,1.0312814726247899,0.030799741981960164,1.0,True,,False,False,gcd_k_not_2,0.0,False,1.0,True,FAMILY_F
829,True,1,1,0.2193327924635362,0.34404399402586355,0.9864240253267513,0.013668758029661452,1.0,True,,False,False,gcd_k_not_2,0.0,False,1.0,True,FAMILY_F
830,True,5,1,0.20252217516046997,0.32902449155253016,1.0443190046002637,0.043358208284063435,1.0,True,,False,False,gcd_k_not_2,0.5,False,1.0,True,FAMILY_F
831,True,11,1,0.09559962546759239,0.14195682890212682,0.9961312660173064,0.0038762320379986583,1.0,True,,False,False,gcd_k_not_2,0.0,False,1.0,True,FAMILY_F
833,True,1,1,0.11872843778496518,0.19633300140377521,0.993689423212657,0.006330551503026074,1.0,True,,False,False,gcd_k_not_2,0.0,False,1.0,True,FAMILY_F
835,True,1,1,0.17251097551425038,0.3001962088349517,0.9491227327387424,0.05220529872920748,1.0,True,,False,False,gcd_k_not_2,0.0,False,1.0,True,FAMILY_F
836,True,5,1,0.15952604356069638,0.23513516455692204,1.0138158776371022,0.01372109316499485,1.0,True,,False,False,gcd_k_not_2,0.0,False,1.0,True,FAMILY_F
838,True,5,1,0.23104608698073753,0.37394142532144503,0.9932020261526067,0.006821158877221447,1.0,True,,False,False,gcd_k_not_2,0.0,False,1.0,True,FAMILY_F
840,True,5,1,0.18099165503754044,0.3023205301692822,0.9956359909810407,0.004373552129428105,1.0,True,,False,False,gcd_k_not_2,0.0,False,1.0,True,FAMILY_F
841,True,1,1,0.2835691266106078,0.4727977520490928,0.9819778031481193,0.018186073348808115,1.0,True,,False,False,gcd_k_not_2,0.2222222222222222,False,1.0,True,FAMILY_F
843,True,7,1,0.12303289405888329,0.20864847995968283,1.0093180112422209,0.00927479989736445,1.0,True,,False,False,gcd_k_not_2,0.8333333333333334,False,1.0,True,FAMILY_F
848,True,1,1,0.4606497371338871,0.7696432168744788,0.9954256336967316,0.004584852701119108,1.0,True,,False,False,gcd_k_not_2,0.0,False,1.0,True,FAMILY_F
851,True,11,1,0.22631631642330696,0.38445658711027486,1.0280142315322185,0.027627253395606653,1.0,True,,False,False,gcd_k_not_2,0.0,False,1.0,True,FAMILY_F
853,True,5,1,0.08646281160415674,0.1275216940711653,1.0120461064558315,0.011973986497804765,1.0,True,,False,False,gcd_k_not_2,0.0,False,1.0,True,FAMILY_F
859,True,1,1,0.09475238108763713,0.16351651722581811,1.0169928372379835,0.016849675342677912,1.0,True,,False,False,gcd_k_not_2,0.0,False,1.0,True,FAMILY_F
867,True,11,1,0.30107117909097136,0.3755279721779887,0.9770405596126855,0.02322606916249848,1.0,True,,False,False,gcd_k_not_2,0.0,False,1.0,True,FAMILY_F
870,True,1,1,0.1463020882065113,0.2214172669660273,1.043921706984976,0.04297787614356889,1.0,True,,False,False,gcd_k_not_2,0.7777777777777778,False,1.0,True,FAMILY_F
872,True,5,1,0.3488411866254872,0.43077097291462013,1.0191494394140366,0.018967827779595933,1.0,True,,False,False,gcd_k_not_2,0.0,False,1.0,True,FAMILY_F
873,True,5,1,0.19483155450637396,0.25424763053275995,1.0124306918285493,0.012353908016831486,1.0,True,,False,False,gcd_k_not_2,0.0,False,1.0,True,FAMILY_F
874,True,7,1,0.19463927591349148,0.2997336867952203,0.977460343139401,0.022796570296641398,1.0,True,,False,False,gcd_k_not_2,0.0,False,1.0,True,FAMILY_F
876,True,7,1,0.17185404060388493,0.27166457107463593,1.0209449328866396,0.02072786105727536,1.0,True,,False,False,gcd_k_not_2,0.6666666666666666,False,1.0,True,FAMILY_F
878,True,11,1,0.2656072760942353,0.42962835789426296,0.9851700694368878,0.014940715449451454,1.0,True,,False,False,gcd_k_not_2,0.0,False,1.0,True,FAMILY_F
879,True,7,1,0.0786433741603384,0.13516605270434964,0.9960493108337068,0.003958508584783407,1.0,True,,False,False,gcd_k_not_2,0.0,False,1.0,True,FAMILY_F
888,True,11,1,0.1657173823378608,0.29224549906641195,1.0266115538744316,0.026262116016812557,1.0,True,,False,False,gcd_k_not_2,0.0,False,1.0,True,FAMILY_F
894,True,5,1,0.1653660893539829,0.28972434438109607,1.0025457796505066,0.0025425432730442057,1.0,True,,False,False,gcd_k_not_2,0.0,False,1.0,True,FAMILY_F
896,True,7,1,0.11353712146794656,0.2162758738510354,0.9865589026992471,0.013532040034141279,1.0,True,,False,False,gcd_k_not_2,0.0,False,1.0,True,FAMILY_F
900,True,7,1,0.1402395155199473,0.24051626435180704,1.0170535919116694,0.016909408832818197,1.0,True,,False,False,gcd_k_not_2,0.25,False,1.0,True,FAMILY_F
901,True,7,1,0.19295650360440558,0.33231382448827856,1.0030286203664815,0.0030240410303546874,1.0,True,,False,False,gcd_k_not_2,0.16666666666666666,False,1.0,True,FAMILY_F
903,True,5,1,0.11477123215649862,0.16320647083011017,0.9941151197451327,0.005902247264059153,1.0,True,,False,False,gcd_k_not_2,0.0,False,1.0,True,FAMILY_F
904,True,7,1,0.12339654092204316,0.16630855446112555,1.068543809819481,0.06627252417289903,1.0,True,,False,False,gcd_k_not_2,1.0,True,1.0,True,FAMILY_F
911,True,1,1,0.1441966354424344,0.2556465441202166,1.0033368861073815,0.003331327976359702,1.0,True,,False,False,gcd_k_not_2,0.0,False,1.0,True,FAMILY_F
912,True,11,1,0.23370790175871284,0.38410897010077094,0.9971267035213427,0.002877430333880302,1.0,True,,False,False,gcd_k_not_2,0.0,False,1.0,True,FAMILY_F
918,True,1,1,0.18786582566216653,0.3050318666078948,0.9937386251668843,0.006281038802256858,1.0,True,,False,False,gcd_k_not_2,0.0,False,1.0,True,FAMILY_F
921,True,5,1,0.3107030553683501,0.38394606170155815,0.9934547234518981,0.006566767201783201,1.0,True,,False,False,gcd_k_not_2,0.0,False,1.0,True,FAMILY_F
923,True,5,1,0.2509250945735143,0.35580870976473894,1.02230487248244,0.022058862425683702,1.0,True,,False,False,gcd_k_not_2,0.0,False,1.0,True,FAMILY_F
926,True,5,1,0.2516578761285535,0.4219128193107406,1.0126556588064162,0.012576079520648244,1.0,True,,False,False,gcd_k_not_2,0.5972222222222222,False,1.0,True,FAMILY_F
928,True,11,1,0.11154078257262627,0.17116144884401766,0.9901077869594398,0.00994138418570171,1.0,True,,False,False,gcd_k_not_2,0.0,False,1.0,True,FAMILY_F
935,True,5,1,0.14332286482030318,0.22369877144965702,0.996725853888914,0.0032795149165912346,1.0,True,,False,False,gcd_k_not_2,0.6180555555555556,False,1.0,True,FAMILY_F
938,True,11,1,0.16328364740719672,0.27777091058219644,0.9991894266190651,0.0008109020287344374,1.0,True,,False,False,gcd_k_not_2,0.0,False,1.0,True,FAMILY_F
943,True,1,1,0.18622993590731157,0.25131837176261035,1.0035433833482714,0.003537116668119994,1.0,True,,False,False,gcd_k_not_2,0.0,False,1.0,True,FAMILY_F
944,True,7,1,0.22697260858715565,0.38890635279964286,1.0086366947347876,0.008599558852456276,1.0,True,,False,False,gcd_k_not_2,0.0,False,1.0,True,FAMILY_F
946,True,1,1,0.4323717235695316,0.7485320482646778,1.0010759730000331,0.0010753944523356556,1.0,True,,False,False,gcd_k_not_2,0.0,False,1.0,True,FAMILY_F
949,True,5,1,0.11715159624854457,0.17075840332048242,1.0011229709206368,0.001122340742628353,1.0,True,,False,False,gcd_k_not_2,0.9305555555555556,False,1.0,True,FAMILY_F
952,True,5,1,0.09196374516557448,0.13473371558328404,1.0153909561349266,0.01527341986732239,1.0,True,,False,False,gcd_k_not_2,0.0,False,1.0,True,FAMILY_F
955,True,1,1,0.15576459794544556,0.22435448105659606,1.0036416823390406,0.0036350634658282787,1.0,True,,False,False,gcd_k_not_2,0.0,False,1.0,True,FAMILY_F
956,True,11,1,0.5404788461854899,0.6254992431934349,1.0045664076879677,0.004556005398927682,1.0,True,,False,False,gcd_k_not_2,0.0,False,1.0,True,FAMILY_F
958,True,5,1,0.6222394925663683,0.8758404504384705,0.985913985947225,0.014185925626639215,1.0,True,,False,False,gcd_k_not_2,0.0,False,1.0,True,FAMILY_F
960,True,1,1,0.1255903637511621,0.1798722924899597,0.9961336468336098,0.0038738419870064486,1.0,True,,False,False,gcd_k_not_2,0.0,False,1.0,True,FAMILY_F
965,True,1,1,0.3081936461653546,0.4561030452025967,0.9828781963553451,0.017269647400557298,1.0,True,,False,False,gcd_k_not_2,1.0,True,1.0,True,FAMILY_F
968,True,7,1,0.28834829644438265,0.4961664861710929,0.9761738707755072,0.024113393640958075,1.0,True,,False,False,gcd_k_not_2,0.0,False,1.0,True,FAMILY_F
975,True,11,1,0.09485706363073866,0.15588999425877617,0.8999576838674866,0.10531004662048134,1.0,True,,False,False,gcd_k_not_2,0.0,False,1.0,True,FAMILY_F
980,True,5,1,0.11295733579137206,0.1872035741537701,0.9981090571523903,0.0018927323719802793,1.0,True,,False,False,gcd_k_not_2,0.0,False,1.0,True,FAMILY_F
982,True,5,1,0.16838167653111005,0.24661981843860128,1.0402164874549529,0.03942374517825852,1.0,True,,False,False,gcd_k_not_2,0.7847222222222222,False,1.0,True,FAMILY_F
984,True,11,1,0.14184003510845986,0.20281574569400115,0.9916641604497815,0.00837072807328732,1.0,True,,False,False,gcd_k_not_2,0.0,False,1.0,True,FAMILY_F
985,True,1,1,0.1598612302312869,0.25851281145863725,0.9865226408188,0.013568794942749757,1.0,True,,False,False,gcd_k_not_2,0.0,False,1.0,True,FAMILY_F
986,True,5,1,0.21596889480006676,0.3144180270366582,1.0196162509472053,0.019425721037850934,1.0,True,,False,False,gcd_k_not_2,0.0,False,1.0,True,FAMILY_F
987,True,5,1,0.1505510957444363,0.2603737338663294,1.0054483615952934,0.0054335595965774655,1.0,True,,False,False,gcd_k_not_2,0.0,False,1.0,True,FAMILY_F
988,True,7,1,0.35844478141489644,0.606192093069583,0.9794543910101177,0.020758860707467908,1.0,True,,False,False,gcd_k_not_2,0.0,False,1.0,True,FAMILY_F
990,True,5,1,0.2209955350797321,0.2897629184266548,0.9972395109772366,0.002764304438792816,1.0,True,,False,False,gcd_k_not_2,0.0,False,1.0,True,FAMILY_F
991,True,1,1,0.11924388450206101,0.1648709762507389,1.0243864217045258,0.024092654883539864,1.0,True,,False,False,gcd_k_not_2,0.0,False,1.0,True,FAMILY_F
995,True,1,1,0.221898508663629,0.37829219359054705,0.9823356002469045,0.017821805501445215,1.0,True,,False,False,gcd_k_not_2,0.0,False,1.0,True,FAMILY_F
997,True,5,1,0.1297648818472098,0.22903969970026658,0.9579188691388261,0.0429855715928444,1.0,True,,False,False,gcd_k_not_2,0.0,False,1.0,True,FAMILY_F
1000,True,5,1,0.10600726859132185,0.15147785398100294,1.0124527608434257,0.012375704996132962,1.0,True,,False,False,gcd_k_not_2,0.0,False,1.0,True,FAMILY_F
1003,True,7,1,0.1570855411983003,0.25735378069279624,1.0226784750464255,0.022424201697113507,1.0,True,,False,False,gcd_k_not_2,0.4166666666666667,False,1.0,True,FAMILY_F
1008,True,5,1,0.5498595583681418,1.0215799164377395,0.9993598238067342,0.0006403811716562433,1.0,True,,False,False,gcd_k_not_2,0.0,False,1.0,True,FAMILY_F
1014,True,11,1,0.11168645722584611,0.1746059405398719,1.000654926591204,0.0006547121969902393,1.0,True,,False,False,gcd_k_not_2,0.0,False,1.0,True,FAMILY_F
1018,True,5,1,0.27146160612907544,0.4524359568671486,1.0037458003702964,0.0037387979748769763,1.0,True,,False,False,gcd_k_not_2,0.3333333333333333,False,1.0,True,FAMILY_F
1020,True,1,1,0.2565704637263349,0.39177723978713486,1.003188324975266,0.0031832503569582176,1.0,True,,False,False,gcd_k_not_2,0.0,False,1.0,True,FAMILY_F
