net,local_idx,best_k,gcd_k_n,phase_mae_deg,radius_cv,mean_radius,phi,mean_abs_deg,max_abs_deg,gauge_deg,rho_even,rho_odd,q_odd_over_even,radius_parity_separation
2,0,1,1,0.1554801726769351,0.055945320455178464,4.4043234448085125,-3.0093525497536127,0.26228245771291714,0.6518865603764713,172.42319947410243,4.501138572898443,4.307508316718582,0.9569819384487033,0.04396367764681268
3,1,11,1,0.12507713312453694,0.09520531338838767,4.430253430737676,1.2600834916945436,0.21382031137981744,0.5972164671526939,-72.19746560697037,4.353494425617449,4.507012435857903,1.0352631691307794,0.03465219600651418
5,2,1,1,0.23368368582370377,0.05597743762026279,4.326850546186837,2.548657312986241,0.31250865801439065,1.0020845746398066,-146.0273063827341,4.3138503264836645,4.339850765890009,1.006027200166571,0.006009091168923904
8,3,1,1,0.11981895824975976,0.0476518091664451,4.428802898387956,1.425677807091782,0.19062511647093516,0.6351172528696852,-81.68532119391753,4.358686744581045,4.498919052194868,1.0321730640056128,0.03166370480494081
11,4,5,1,0.4607724237696842,0.09899968259263407,4.296883455819169,2.6061710443961728,0.7719718315069412,1.5967464703994936,-149.32257593372879,4.297246348128122,4.2965205635102155,0.9998311047216962,0.0001689095423157963
13,5,1,1,0.1853980286476593,0.08389056894706087,4.2641443304599855,1.824685274019201,0.2991788615503671,0.7755417449817982,-104.54676628771749,4.265768100692992,4.262520560226981,0.9992386973718792,0.0007615925293178756
16,6,11,1,0.13208508231904542,0.055762988737880916,4.356309877022485,-2.8322738336549667,0.19891749494014943,0.6318159593327831,162.27733698999438,4.463180725774261,4.249439028270711,0.9521100061511691,0.049064851568741255
18,7,5,1,0.16121833459086604,0.056889304781616495,4.444882170090408,-1.1394763545661262,0.2817429629461892,0.728800824222559,65.28718511803555,4.463501764519994,4.4262625756608225,0.9916569566175188,0.008377992359337165
25,8,1,1,0.15229610266724516,0.0239851696803124,4.3503354584811005,-1.8189406820824585,0.2438972316320249,0.6318421946994793,104.21762488225053,4.354617406195841,4.346053510766359,0.9980333759247606,0.0019685597837715654
26,9,7,1,0.1088820663533975,0.04758948857985882,4.382283567924724,0.08613798480687797,0.16754627312023776,0.6793390946086936,-4.935342971667841,4.441189518821593,4.323377617027855,0.97347289475163,0.026883678330640082
31,10,11,1,0.09259851424333332,0.04585863092694095,4.337584562377032,-1.0981584809427847,0.16840248555342616,0.5980801562323997,62.9198460593555,4.27102203998162,4.404147084772442,1.0311693649774272,0.03069105463568616
33,11,11,1,0.15720449053856858,0.0461753972306416,4.280303830717798,1.518422890176205,0.2322114646305943,0.9759234816874762,-86.99922313559972,4.2874914056677715,4.273116255767822,0.9966471886378718,0.003358441472492132
34,12,11,1,0.1326786084284584,0.0703134062142268,4.452933734344014,1.929171148319417,0.23816772221966676,1.1778486036338904,-110.53336490774979,4.62762734318608,4.278240125501946,0.92449970756643,0.07846225399435551
35,13,7,1,0.11280946612045864,0.053952571946357074,4.27904306562958,-2.9244458938594073,0.166923963560694,0.4624883627304426,167.55840701869417,4.23369110212968,4.32439502912948,1.0214243138697987,0.021197245647831462
36,14,5,1,0.13696263575769502,0.05933532452040356,4.35940298641972,2.3174718990858993,0.21401813521977203,0.7053312586640728,-132.7813589257999,4.328637960389281,4.390168012450159,1.0142146450278196,0.014114329932918597
38,15,5,1,0.12379011063093211,0.028769416358547677,4.332547355641874,0.17287584989828114,0.17975898899401427,0.5603787240465987,-9.905056662816532,4.296259529575652,4.3688351817080955,1.016892753250317,0.016751265750837123
42,16,5,1,0.12791448058742674,0.03561884628218416,4.247033325033456,1.9780919416685618,0.23931437571808833,0.5752283600903537,-113.33632031332648,4.244231576109222,4.24983507395769,1.0013202620422528,0.001319391071277711
45,17,1,1,0.09093471447653627,0.03513225268978167,4.336416671945684,-2.9402373758907685,0.15042730943564658,0.42299590547258015,168.46319226191363,4.31145455210599,4.361378791785376,1.0115794424076674,0.011512786583072098
47,18,7,1,0.14083342237956148,0.03323631853947191,4.366266603825577,0.3089827209656184,0.19967877287055624,0.6174263334614228,-17.703406062955715,4.393431514833185,4.3391016928179695,0.9876338525292164,0.012443083976505946
52,19,5,1,0.1710164879442799,0.05148302478477606,4.394550300119158,2.6982060306887306,0.25949314391967016,0.7045341866545375,-154.59581728778167,4.40701749012366,4.382083110114658,0.9943421191168673,0.005673932099110564
64,20,1,1,0.15621559358542214,0.03405599224890116,4.4290506969988535,2.6683026105749494,0.26032460960880627,0.722179274903505,-152.8824773927831,4.413522990684748,4.44457840331296,1.0070364225345054,0.0070117537036221275
65,21,7,1,0.16757639472910144,0.04544444443797182,4.480478767591038,-2.9271501627183643,0.2628444268404735,0.6067164967688812,167.71334957922247,4.507416033911475,4.453541501270601,0.9880475793147229,0.012024280313650321
70,22,1,1,0.2915426479251088,0.07954061620437523,4.447710628768077,-1.547805972286091,0.46414297128217036,1.2021413938037053,88.68274589262872,4.430218357718851,4.465202899817303,1.0078967985940237,0.007865741505791717
73,23,1,1,0.15547743547181841,0.0613348480016564,4.34623219008256,2.297717380877308,0.2642938119066296,0.678342281490404,-131.64950876400715,4.377477787837804,4.314986592327318,0.9857243831861104,0.014378245978915032
76,24,1,1,0.15197648214211926,0.04876860125962825,4.283366427212872,1.7505607984166873,0.23667441216194118,0.6975034506282964,-100.29974589626146,4.258012825498315,4.3087200289274294,1.011908654460941,0.011838166145899635
77,25,7,1,0.29754648644897747,0.09211890966505124,4.360498698442349,-2.2151498882712075,0.45681593437307505,1.309077996819942,126.91874005956193,4.386467581745666,4.334529815139031,0.9881595462319669,0.011910969409345027
79,26,1,1,0.2903932061802903,0.0939205907700823,4.373242862671639,-2.3172469015608317,0.32008058578870907,1.3404978848581475,132.76846777387968,4.336773054163386,4.409712671179894,1.0168188688007282,0.016678611114670346
85,27,5,1,0.12950859019586383,0.052127403797378014,4.482735163081899,2.9197074797384985,0.20175196801390627,0.489978889095904,-167.2869157293729,4.4310642756317735,4.5344060505320245,1.0233221114549318,0.023053285804464765
86,28,11,1,0.1417646080493239,0.06299278894491699,4.294966903634115,-0.36454642569606954,0.26282971433664065,0.6128839671008335,20.886972313398655,4.284362467715282,4.305571339552949,1.0049502982059724,0.004938075732253276
90,29,7,1,0.12669461544697702,0.07537632618570986,4.522129637604166,2.7316180387066367,0.21565299799004364,0.5649236603204955,-156.51018433217132,4.506700433237445,4.537558841970887,1.0068472287409782,0.006823866453724861
93,30,11,1,0.11527073482397172,0.06335750100033594,4.570175477938666,0.9261825844896536,0.22000588336951307,0.4200770646450267,-53.06635270245945,4.822994425981956,4.317356529895377,0.8951610034291856,0.11063861738513428
96,31,11,1,0.14383054286800756,0.04692444527885133,4.312688988851264,-3.1407373536840715,0.1852636391599132,0.7157012993048957,179.95099503048965,4.368866079694886,4.256511898007641,0.9742829879337727,0.026052001889700728
103,32,11,1,0.08148687755229907,0.04259582548457535,4.391144655155386,-1.7893560481453037,0.12294497407139064,0.425778852521153,102.52254963736564,4.398578558358855,4.383710751951916,0.9966198611188414,0.0033858612217394775
106,33,1,1,0.15202900393621238,0.0477094660472077,4.414539496620766,-0.27821864822592124,0.22909881549424443,0.6449504451984316,15.940754637433846,4.408847025322458,4.420231967919077,1.002582294765781,0.002578964941945579
108,34,5,1,0.27787194259240783,0.09271216323802325,4.557648569427708,3.0973701199685277,0.4334312952472673,1.2684499552982718,-177.46623845594846,4.536391530717448,4.578905608137968,1.0093717830863238,0.009328072749114739
110,35,11,1,0.1068320606720452,0.05387602133712552,4.362883784416163,-2.1420472909177484,0.2174422928511526,0.8204475375237016,122.73026939093431,4.450673315976009,4.275094252856318,0.9605499998192549,0.04024380932328375
114,36,1,1,0.11724246177715116,0.04697126908483278,4.5133630422246895,-0.3014129343506169,0.21824052498841268,0.5136050054211178,17.26968948763375,4.4684883585407436,4.558237725908637,1.0200849504724239,0.019885253308507444
118,37,1,1,0.15053077834082867,0.07753728349917664,4.528276606176207,0.5981475952844643,0.2583071864054821,1.0267790798397962,-34.27133299639289,4.458955655537937,4.597597556814478,1.031092908740716,0.030616924126817654
123,38,5,1,0.1444522817642829,0.05347911339553463,4.542022504802478,-1.5326779268479789,0.21382653505493623,0.763733235867944,87.81597624446314,4.528612966665711,4.555432042939247,1.0059221391783637,0.0059046550837604924
124,39,11,1,0.14541159287161498,0.04926444499353274,4.405710483592633,2.929024482796998,0.2431768011837944,0.532553187611441,-167.8207401681378,4.407568304467499,4.403852662717765,0.9991569860083693,0.0008433694777655969
126,40,11,1,0.10648740461901887,0.04776004719148758,4.242099196886869,2.4303033649150403,0.1912793337574824,0.44641236100207393,-139.24612593782152,4.180661689525058,4.303536704248681,1.0293912839279713,0.028965615611675603
133,41,7,1,0.1064789958466937,0.07950362623278728,4.306375466928436,2.870674269369923,0.1725330784423989,0.48101438681639885,-164.4775198444874,4.02517166033542,4.587579273521453,1.139722640584021,0.13059883363750804
135,42,5,1,0.15031034209625221,0.05717642390045784,4.254172084223744,2.985556148013504,0.2614255985885384,0.5672427290754205,-171.0597660860204,4.23510849153626,4.273235676911228,1.009002646673908,0.008962304443762318
139,43,7,1,0.14012860134690042,0.03236316442273232,4.281482277376647,1.806261818818329,0.24284980777111323,0.6505084190473246,-103.4911795998467,4.251988249841861,4.310976304911436,1.0138730522295702,0.013777484349583277
141,44,5,1,0.16609777428833825,0.06264576779321353,4.390169966563005,2.3454150112885848,0.2825882767578301,0.8280113915697883,-134.38238129431474,4.479170162029362,4.3011697710966486,0.960260408849467,0.0405452163101711
147,45,5,1,0.2367002062905306,0.08247843296957205,4.3925437485765295,-1.5578564770440433,0.3870749269753162,1.0523074336095473,89.25860344048667,4.373987749333884,4.411099747819176,1.0084847056306783,0.008448862574747931
150,46,7,1,0.12422884530848617,0.038207671443182906,4.376133991846044,1.8388837497913668,0.20714074308674374,0.5030821319889918,-105.36027830327896,4.455987710529885,4.2962802731622025,0.964158914309777,0.03649509765132009
153,47,11,1,0.14448879450640942,0.04724869331281332,4.248042862826604,2.3510599828190815,0.2450561578670696,0.6135630446204136,-134.7058139367289,4.215558903976404,4.280526821676804,1.0154114600650268,0.015293611622640585
156,48,1,1,0.22685064932716212,0.06253893805805646,4.333480061121183,2.891359169158095,0.3279342334188456,0.9625549927626273,-165.6626761109961,4.3587442439566395,4.3082158782857265,0.98840758648756,0.011659997267378687
159,49,5,1,0.16605291984424936,0.09912700486926683,4.446325706489821,1.795815129145032,0.26520255408986904,0.8128338255349963,-102.89262787265801,4.858356146618329,4.034295266361313,0.83038277652193,0.18533524861982634
165,50,7,1,0.10298458478088897,0.03487707909808958,4.3017736705934375,0.2881500461151153,0.16090709977754508,0.514462985818862,-16.509781617260955,4.297894367623858,4.305652973563017,1.0018052109418056,0.0018035830179064048
169,51,5,1,0.27555768229991706,0.050217748443162354,4.271991470971453,-1.0173429167028984,0.4005187226701634,1.0756944562108812,58.28945312313045,4.281673448434447,4.262309493508458,0.9954774797379586,0.004532770034202765
171,52,1,1,0.258680566993226,0.09378097875854786,4.478331043259687,-0.394685727305082,0.4529486035767727,0.9345337746828379,22.613831174126585,4.543093721167945,4.4135683653514315,0.9714896139577736,0.028922684492353724
172,53,11,1,0.14618800381402708,0.08393620687866893,4.478126566986705,-1.5286417747667225,0.22826162488951718,1.0127493019257106,87.58472177577458,4.674013967731402,4.2822391662420065,0.9161802244935205,0.0874863172420376
175,54,1,1,0.10424951776982358,0.04950225887531782,4.377736851728542,0.030925037128352224,0.15057532624578046,0.5322421521375079,-1.7718742088798953,4.329235041684274,4.4262386617728104,1.0224066420867732,0.022158394479612063
176,55,11,1,0.1186889219317821,0.058718504072633584,4.30590753781049,-1.23180139280638,0.18009236396893022,0.6846579208128186,70.57702105971873,4.288122869503323,4.323692206117657,1.008294850146972,0.008260589969012693
177,56,7,1,0.4651762729957747,0.16248018589174,4.49825394557126,-2.4327713593196005,0.5276611896611924,2.0199684648415293,139.3875331986158,4.5116237531603,4.48488413798222,0.9940731726223073,0.005944443222109682
182,57,7,1,0.09791384962159473,0.022320463409048703,4.392251003039921,-0.5148599639875087,0.16791820901440896,0.48013039975817456,29.499303079498866,4.395558772472694,4.388943233607147,0.9984949492867717,0.001506184154996654
183,58,1,1,0.07541448451624293,0.042530966034363044,4.378116276379923,2.1152595528985634,0.1313866166439669,0.3932630056388972,-121.19544501352705,4.422851473197199,4.333381079562648,0.9797708799002751,0.020435819422441274
187,59,7,1,0.1016718337800418,0.04190878050344427,4.486421513804969,-2.9083090571723,0.1765735734536014,0.6479022838754054,166.6338344606417,4.425310161524681,4.547532866085258,1.027619014283615,0.027242804579215466
190,60,1,1,0.12183210994840647,0.05248194349205985,4.470233891338725,3.055196496683956,0.1740847085530658,0.6096531160536208,-175.0498647619899,4.4656172147571445,4.474850567920304,1.0020676544179932,0.0020655190282211494
192,61,7,1,0.17069241458127413,0.03615050761351938,4.219868968952422,-0.8541886410660039,0.2657255490942026,0.8145937647477073,48.94140410025246,4.191044922031721,4.248693015873123,1.0137550646470892,0.01366110992202508
193,62,1,1,0.17377246180534192,0.031274316786791274,4.347920582211503,1.3838914054471336,0.2522640154665665,0.721221190786628,-79.29113633603785,4.36229318102454,4.333547983398466,0.9934105305550962,0.006611251765655004
200,63,5,1,0.4404446353802134,0.13822447005071933,4.5290285809498165,2.5792643278583607,0.6225646746404399,1.7754163076439176,-147.7809693799235,4.489844249309252,4.568212912590382,1.017454650747225,0.017303636283234607
204,64,7,1,0.2905321397700984,0.09175410278657914,4.408244208773369,1.5123473020546676,0.34454122515846586,1.4454215133926533,-86.65111706109798,4.418522077939877,4.397966339606863,0.99534782491285,0.00466302168380412
206,65,7,1,0.2967525301374655,0.10862336925171025,4.35291493537412,2.6107999224684573,0.39755332385963166,1.4779818915922387,-149.5878146610372,4.376260042351615,4.329569828396625,0.9893310238644091,0.01072619489426727
211,66,7,1,0.20420744698550214,0.057633740689699724,4.212366099281379,-0.2554463416450904,0.3314558633482885,0.6990135615991587,14.635998674098607,4.181768768284154,4.2429634302786035,1.0146336790447548,0.01452738450366163
213,67,1,1,0.10847077641763528,0.05159781050107612,4.402360812688582,-2.602599655528012,0.19230271970900722,0.502033822266148,149.11797580830913,4.3866583239246,4.418063301452565,1.0071592030217362,0.007133667335364543
218,68,5,1,0.18481289300362638,0.04399804471591223,4.373237195077485,-0.40135627185544503,0.3337014104694603,0.6688923326619666,22.996022284530884,4.3350174421347925,4.411456948020176,1.0176330330628938,0.017478929789453052
219,69,7,1,0.14667131010219198,0.06255894860316774,4.351100526742073,-1.0136730976203963,0.24602042433633783,0.7479508150374825,58.079189566539014,4.292881177393464,4.409319876090682,1.0271236714657723,0.02676074661607565
220,70,11,1,0.06242411663273739,0.04165552469569058,4.429833117255575,0.2568444851877744,0.09532443664676789,0.3605950974473917,-14.716105005440502,4.390785968982759,4.46888026552839,1.0177859492804482,0.017629173487693998
221,71,7,1,0.2391174008236705,0.08405510577400423,4.407231113011363,1.1567439576237966,0.3878620594718992,1.009106754918676,-66.27654428005508,4.373275349844925,4.4411868761778015,1.0155287561153186,0.015409113929238443
224,72,1,1,0.15868444075973448,0.04157071171341651,4.420643337726021,1.3815383561824774,0.2721409090902624,0.9239812177244607,-79.15631671005006,4.4733556687319345,4.367931006720108,0.9764327565660095,0.023848262335965178
227,73,11,1,0.12221673599170708,0.028729995739124225,4.30650714891065,0.5501677774081051,0.22375991615314114,0.48073100885251857,-31.52229220902407,4.283491708127967,4.3295225896933305,1.0107461119810317,0.010688681099021874
229,74,11,1,0.17133893317229607,0.035651088866006965,4.242072659049521,2.094211042498244,0.28877480061058186,0.6617598479165844,-119.98945487024743,4.239942062292424,4.244203255806618,1.001005012203372,0.0010045074322581923
231,75,11,1,0.18090583442727745,0.05260416166845026,4.22607495959278,1.2178950671092894,0.3023423859225618,0.637019190740261,-69.78024570121804,4.269438584236149,4.182711334949411,0.9796864979843116,0.020521938232514345
232,76,7,1,0.2819680873002761,0.05984652544847442,4.365112803116347,2.970044510184033,0.49128255312511376,1.1041649035576317,-170.17101078526355,4.382507492895868,4.347718113336827,0.9920617638154788,0.007969869537896974
235,77,5,1,0.18473077008153663,0.07585476971985147,4.408391641652688,-2.7373040505577273,0.3386433509106419,0.8107198569670949,156.83596751854233,4.230612622707898,4.586170660597478,1.0840441017882647,0.08065482080359868
238,78,11,1,0.2134137967208598,0.07135369697692448,4.382763847242328,1.687103532406238,0.33338508494251823,0.8416748996323233,-96.66391321366478,4.400994259804335,4.364533434680319,0.9917153209089536,0.00831913979279482
239,79,7,1,0.09185078158403677,0.061208803782205785,4.416085170251033,-2.5095991635823274,0.15966423806220528,0.48007513846604555,143.78944039579252,4.378429239213248,4.453741101288817,1.0172006575785388,0.017053987677345492
240,80,7,1,0.10061634746303717,0.04527791407964871,4.366512556234293,-2.1450203414178803,0.18332434882432122,0.3884175944339923,122.90061277753834,4.373997461115312,4.359027651353272,0.9965775449356975,0.003428321702789371
241,81,1,1,0.1388195329792142,0.030660173758351783,4.352078519189245,1.3880260580541532,0.21141162961943202,0.5811683691282704,-79.52803466541644,4.2980636191665225,4.406093419211968,1.0251345279217607,0.024822576056272576
246,82,5,1,0.14523241329455003,0.0360697809135414,4.347236311411119,-1.6341543257959343,0.1762366888773437,0.7026787682755897,93.63014586663937,4.295986584156123,4.398486038666115,1.0238593516301975,0.023578072864578355
250,83,5,1,0.14588928213002825,0.06541016472580795,4.4937432812904,-2.06050673396506,0.2436870047695362,0.8830742921761227,118.05834000448121,4.441169690739817,4.546316871840982,1.0236755603642897,0.023398573198193762
251,84,11,1,0.17575348590967851,0.06672850723494164,4.235738615079253,-2.1488385027337364,0.32318586964670143,0.7695551288180361,123.11937832458568,4.254598588258135,4.21687864190037,0.9911343113632705,0.008905163841669155
252,85,7,1,0.19854753001838987,0.08018640035514084,4.493281820516903,-1.4244534979590977,0.29643542158508324,0.8806765151739423,81.61517257234614,4.524873276320984,4.4616903647128225,0.9860365345613539,0.014061640051078118
262,86,1,1,0.24132594980067593,0.0917042746139011,4.427719076480054,-1.1896647005764298,0.4303562144339376,1.0479766045865737,68.16276244258657,4.506907294356011,4.3485308586040965,0.9648591760584362,0.03576930537287388
263,87,7,1,0.09689755313528532,0.027097044460416452,4.420927649112372,-2.871541177116914,0.14317364716397976,0.4166280096202358,164.5271900797619,4.427598739380243,4.4142565588445,0.9969865876920884,0.003017959486041661
267,88,11,1,0.24250079948019218,0.08283457437659601,4.460550523177576,-2.8083252937083754,0.39995813992081536,0.9209756365342621,160.90518360091886,4.419072222971061,4.502028823384091,1.018772402039914,0.018597838984667242
269,89,11,1,0.1258801618777299,0.08578510661506054,4.330758519831108,-2.3902108865269565,0.193292216865247,0.5884995144423106,136.94899575454141,4.228910178525388,4.432606861136828,1.0481676540792524,0.0470348743017387
270,90,5,1,0.18827798725364875,0.06234698589029541,4.279065356535841,-2.23767933823356,0.2933660197389368,0.7869155121503867,128.2095826054897,4.297921245823554,4.260209467248127,0.9912255771061247,0.008813087773437752
274,91,1,1,0.15188877702686154,0.059350492815288806,4.424312554883685,-1.9667155067211488,0.26480691990062466,0.7612185459297921,112.68449875724207,4.345257257430906,4.503367852336465,1.0363869353500696,0.03573675976644826
281,92,7,1,0.18105373523275584,0.029820421600446366,4.355257355138544,-1.6351230541054929,0.2182924111710752,0.8348685724096281,93.68564965904052,4.337386705743209,4.373128004533879,1.0082402841193165,0.008206472287682589
282,93,1,1,0.19859568455289467,0.04691064821254151,4.29114257556629,-0.5510711379128551,0.3130474254376327,0.8808018397782788,31.574051534814455,4.2672064666397285,4.315078684492853,1.0112186317271923,0.01115605389709225
284,94,5,1,0.12836119003101001,0.027264883110227452,4.354561283149059,0.8833443093516057,0.2396506006238806,0.46447425173210244,-50.61190021444313,4.378005217575273,4.331117348722845,0.9892901295173886,0.010767529907977443
285,95,5,1,0.1317631835756893,0.062139684518461226,4.3391698634191584,0.041788381925317336,0.19671502730645424,0.7774608672370569,-2.394297750673281,4.307923220759377,4.37041650607894,1.014506592183077,0.014402129275096015
288,96,5,1,0.11285844792957979,0.054462353122706864,4.368531072609149,2.186661913467136,0.21843303314412696,0.4515752016676153,-125.28649932778406,4.377859452133982,4.359202693084316,0.9957383832775693,0.004270716801499791
298,97,11,1,0.13686318998013852,0.052280379305658695,4.434774939051493,1.6601350507950103,0.20780318460557465,0.5839321909210669,-95.11873208730226,4.440274135982902,4.429275742120082,0.9975230371986065,0.0024800342777195963
299,98,7,1,0.15305173689188908,0.03167174559532891,4.280525779503326,-2.6714252135493277,0.28161829871007366,0.6942314212316137,153.06138901204525,4.32331767559932,4.237733883407333,0.9802041398264533,0.019993756982329792
301,99,11,1,0.18238629351313837,0.035885483612724055,4.389030998271608,-2.6950116320279256,0.33048786271040337,0.7049473961791031,154.41279049365951,4.376801509629895,4.401260486913319,1.0055883222553295,0.005572751090857174
305,100,1,1,0.11245093177562392,0.04895092201337735,4.320665846131944,-2.5380776418962228,0.22893068271652328,0.76845410209397,145.42113731722557,4.38458726509771,4.256744427166179,0.9708426745319478,0.029588688985513957
306,101,7,1,0.1574586046911573,0.06008609378697066,4.57210349519839,1.553236453150153,0.25101870025796064,0.7914989445588865,-88.99389351362224,4.541925134618643,4.602281855778137,1.0132887970124063,0.013201083751249286
310,102,5,1,0.11570218837959305,0.02117050071262179,4.442771717348603,0.2040081168088173,0.15963417618494272,0.5066308356020734,-11.688804196594468,4.457395607898011,4.4281478267991945,0.9934383699200958,0.0065832284347644345
311,103,11,1,0.17717402430976467,0.06177428824473166,4.322665348612879,-1.7577084007582842,0.2914490125367821,0.6960770585818775,100.70927415780237,4.24631343328037,4.399017263945388,1.0359615070965338,0.035326313362199144
313,104,7,1,0.14796605720564057,0.03934726333807536,4.357281597037909,-0.6781076846987392,0.2671407726321093,0.968844580865579,38.852708720299596,4.398307408346369,4.31625578572945,0.9813447276419981,0.018830920331772378
319,105,1,1,0.09804763998302257,0.0755554977971214,4.417574237531819,0.13077784028954048,0.19150504819645855,0.6670839605588337,-7.493018510338713,4.438127051936049,4.397021423127589,0.9907380684853245,0.009305022756431785
320,106,11,1,0.2550941483241765,0.07124083023226871,4.307104689333763,-0.6308670738376222,0.36991031255869644,1.1993049079615175,36.14602086126993,4.245722004273549,4.368487374393977,1.0289150749853282,0.02850299191112014
322,107,5,1,0.3640700729824261,0.0999997671464822,4.3798466903949285,-0.5696807458628874,0.6477148519057271,1.2840465938742098,32.64031614496796,4.321804274526136,4.43788910626372,1.0268602704712517,0.026504313950568043
326,108,11,1,0.11020801269847039,0.045701877242988624,4.479751932484802,1.3089802225772333,0.16639362220162154,0.49502252789032947,-74.99904209342233,4.337075282413393,4.62242858255621,1.0657939467410007,0.06369846019231226
329,109,1,1,0.13049426950310375,0.05547634055163369,4.41062890404536,1.312362893127422,0.21493258066976656,0.6866240636562115,-75.19285481379865,4.413356370827768,4.407901437262953,0.9987639943148774,0.0012367700125059033
330,110,1,1,0.1374316919546773,0.048360197883591756,4.379475671590895,2.4134890060799905,0.2366196170290041,1.0110666443797725,-138.28273409490993,4.36027334280623,4.398678000375559,1.0088078555058229,0.008769236422171452
332,111,7,1,0.4105205032060705,0.11227834445194249,4.40612117808716,2.831755619678845,0.7427747124633161,1.3909329531789167,-162.24762559305074,4.429981130726797,4.382261225447523,0.9892279664695895,0.010830366063602286
333,112,1,1,0.22230624532384466,0.07597366143049157,4.41554654263212,-0.7089699425432033,0.30618294888157027,1.0086958157824801,40.62098497793819,4.329598298371219,4.50149478689302,1.0397026413712487,0.038929832776563394
334,113,11,1,0.33904529931551275,0.11641440199136464,4.411104016369804,1.5025446999062224,0.47375997303433676,1.8955101785090798,-86.08946687629312,4.439732298708697,4.382475734030911,0.9871035997610849,0.012980098511688772
338,114,7,1,0.13974128296438318,0.03879011109055056,4.379599306724363,-2.1796038973713383,0.2612199169900013,0.863755234622176,124.88210460687914,4.34173181243789,4.417466801010836,1.0174434976282936,0.017292675258365434
339,115,1,1,0.11636899487415438,0.03786684122461947,4.486995987113247,3.015303587515954,0.14565589327405584,0.6020304445064343,-172.76416947639984,4.460711943606853,4.513280030619643,1.0117846854218262,0.011715652780561097
341,116,5,1,0.14199369415071383,0.06210964176367606,4.3968917535650265,-2.2894653148998985,0.26061511719935154,0.8253976269164534,131.17670021995693,4.391555475891736,4.402228031238315,1.0024302449109814,0.002427295449774398
342,117,11,1,0.1553980217900309,0.06463160707516336,4.358182613501672,-2.4172758035213935,0.254506553691145,0.5926870050763716,138.4997011063417,4.355441942022866,4.360923284980479,1.0012585044251714,0.00125771300647931
346,118,5,1,0.19292242497020107,0.05366510317048497,4.26146998081951,0.5926418428761349,0.29615016074570594,0.8096544828420736,-33.95587733051463,4.216170907082156,4.306769054556865,1.0214882530787652,0.02125983472428126
350,119,1,1,0.2805050856726533,0.06454789613513758,4.328528640940892,1.2314735397609313,0.4792757147467542,1.0962597375554013,-70.55823069566834,4.324479322586431,4.332577959295354,1.0018727426135732,0.001870990671592946
353,120,5,1,0.11242251702056659,0.032034008225357284,4.3457177658915525,-1.6324612367505307,0.16429694612368612,0.7069126764899964,93.53313916688835,4.315694663799326,4.375740867983777,1.0139134505246923,0.013817327175671208
356,121,5,1,0.14848902828802937,0.058153333791925436,4.407295287351712,0.765742050715226,0.20565822312997606,0.6330240891241963,-43.873787465409514,4.345960351369682,4.468630223333741,1.0282261829483554,0.02783336807862722
358,122,1,1,0.11971342853859245,0.05014497387114519,4.301768806003754,-0.3272062037546168,0.17968873435019006,0.6316495444662291,18.747534589281496,4.2432460541103305,4.3602915578971775,1.027583953957482,0.0272086922996635
362,123,1,1,0.14420870179439105,0.05281909164287363,4.325146014122896,-1.6829569850422577,0.22326863065537464,0.6929278326899824,96.42633272770021,4.320745486665468,4.329546541580322,1.0020369297247465,0.0020348572940925213
363,124,5,1,0.1969387406505556,0.07255147313398697,4.280078740199858,-2.5582622651580142,0.38235942144623525,0.8766895437416828,146.5776283278371,4.367893511388738,4.192263969010978,0.9597907911628734,0.0410341848920189
366,125,11,1,0.15161431966741154,0.06247988005437695,4.477747276177605,2.4478624434498197,0.2107642913851478,0.5987870191208087,-140.25218668578935,4.498693063151124,4.456801489204087,0.9906880568736347,0.00935550207799971
367,126,5,1,0.16504037956341525,0.059688095134507416,4.340662624257045,-1.9621143879129963,0.2648751607664604,0.652065953455711,112.42087424422992,4.358053329994678,4.323271918519413,0.9920190486803181,0.00801292670867697
368,127,5,1,0.17920596797805893,0.06306995125308618,4.293563708066285,0.5512124219897051,0.28508763920821106,0.7756221205348551,-31.58214587593178,4.251867848315782,4.335259567816789,1.019612961285718,0.019422494964809675
370,128,7,1,0.1299844079253005,0.057710634928467966,4.36311512844243,1.1496821161577326,0.2033845656456491,0.6732961502293033,-65.87193272900565,4.303178961616619,4.42305129526824,1.027856692626743,0.02747402489340539
372,129,1,1,0.10013311857716449,0.030378396492377807,4.350221289564476,1.750835323904956,0.16623404130697383,0.5569002791570147,-100.31547472179223,4.356985187168809,4.3434573919601425,0.9968951477621485,0.003109679785972704
375,130,11,1,0.1055063571363983,0.05654304617378036,4.367591855503336,-1.0396527076004922,0.19449519146888639,0.5292381148816678,59.567711970845835,4.455761166412901,4.279422544593769,0.9604245794975825,0.04037433616809662
376,131,7,1,0.12140585060190856,0.034732065844679236,4.358381943219032,-2.0189825222299564,0.20178500881374603,0.4913060411814595,115.67917773774829,4.369552697883367,4.347211188554698,0.9948870031160189,0.0051261017551316014
377,132,7,1,0.1686592667511758,0.06961310426929332,4.387301180187092,0.36318619152834536,0.29831459467496824,0.7581066733622974,-20.809036870258282,4.40314233271259,4.371460027661594,0.9928046148280022,0.007221365424847571
379,133,5,1,0.14182347208403695,0.07158392316692011,4.31121058490647,1.811970669330015,0.22748652397616942,0.6417973949000275,-103.81827231492484,4.306926960854026,4.315494208958914,1.0019891788699358,0.001987202419404391
383,134,1,1,0.10829801710743688,0.07643216787646964,4.44954930932886,2.6526123819150986,0.19400880054457084,0.7603890064736143,-151.98349427913183,4.393817441360565,4.505281177297154,1.0253683129588729,0.025050567639040525
384,135,7,1,0.09388501468311318,0.05840518848044892,4.389783552084694,0.5801748477304164,0.18145526398957265,0.5802412767992092,-33.241570348163286,4.536503662732461,4.243063441436926,0.9353157755153697,0.06684617084507058
385,136,7,1,0.12696611200533683,0.06654864518862887,4.524209359783907,2.975084253885206,0.2098380342111118,0.5938275630135526,-170.45977130184343,4.506671660203417,4.541747059364395,1.0077829941485896,0.00775282405645643
386,137,1,1,0.1282424208608583,0.04741420815274164,4.393341074335785,-2.155166808905595,0.21079457334013596,0.62072901790555,123.48196263610794,4.37687771626654,4.40980443240503,1.0075228777848007,0.007494686977716294
387,138,5,1,0.10705668081457663,0.05417834783541539,4.402695105592721,-0.9552491190615302,0.2046463583097124,0.44717477466712546,54.73174252958846,4.4969799580255785,4.308410253159863,0.9580674793693081,0.04283051638669601
388,139,11,1,0.1373907270361159,0.056358373253243735,4.410930849620474,2.2336443186891386,0.2646089986449643,0.6674741391826715,-127.97839320482983,4.440158508675187,4.381703190565761,0.9868348578107706,0.01325237690236178
393,140,7,1,0.20672865670560267,0.055378307356637874,4.388751072425082,-2.2614899555940213,0.29887765956179924,0.8813159175330859,129.57383071368025,4.364957345879415,4.412544798970749,1.0109021576433632,0.010843051315972244
395,141,11,1,0.21584682089740126,0.08093633868721045,4.433030772951246,0.7459486466276122,0.2939856292137517,0.9703947482460761,-42.73971006460587,4.452717685759056,4.413343860143435,0.9911573496470373,0.008881920210404477
398,142,11,1,0.16819538038327483,0.04401688048071709,4.492857433673812,-0.4719385442104921,0.2879910493063261,0.666327396185071,27.040088013240815,4.470780031493702,4.514934835853922,1.0098763088430158,0.00982777775882254
399,143,1,1,0.11007158302287791,0.043168107181698286,4.3475637602674295,-1.5118125576865336,0.1491206066713848,0.6856049032604101,86.62047897089137,4.291566164517018,4.403561356017842,1.0260965780807034,0.025760448305405498
402,144,7,1,0.22584070125788777,0.09248675206382102,4.286514638071165,-2.407924486511738,0.2594318733297228,1.0977157261439976,137.96391023874034,4.2568630116926105,4.31616626444972,1.01393121004698,0.013834842002031392
403,145,1,1,0.1685820600127462,0.061525196056556576,4.464117298910213,-1.054562843810107,0.3125286160268041,0.7440518394258767,60.42199898723068,4.471429693901697,4.456804903918729,0.9967292810165587,0.0032760765463169354
405,146,11,1,0.12660876676574917,0.03194207945542664,4.264997063046393,-0.8068194023405707,0.1629247943526503,0.5527968358740989,46.2273465687644,4.268466777582953,4.261527348509834,0.9983742572134887,0.0016270653814147564
406,147,1,1,0.1337794427892769,0.04573121347432484,4.402918958515571,2.1998887069859583,0.2264191769850294,0.5969615787741682,-126.04433870420701,4.423530159666009,4.3823077573651315,0.9906811074384108,0.009362516705230334
408,148,7,1,0.21371003287151746,0.09195846900019079,4.39851602132941,-2.30653051419076,0.33226585208394427,0.8907326804446516,132.15446320479205,4.349330867705334,4.447701174953484,1.0226173428144014,0.022364430815104357
410,149,1,1,0.24977914472721433,0.09356359013119316,4.353548939555812,2.7345598715123205,0.44172937627080283,0.9456319077168904,-156.6787353564065,4.45203317314356,4.255064705968064,0.9557576371255075,0.04524319581798295
414,150,7,1,0.44725239348584606,0.11685629190022166,4.383708655360487,-0.9483998614566139,0.4915914723524237,1.970688090049896,54.33931092819053,4.393555603297824,4.373861707423152,0.9955175494171759,0.004492519330770377
418,151,1,1,0.4097127492917844,0.10648482021967695,4.349456442084595,-2.985353258618834,0.7551519116733848,1.4505298207656123,171.04812482862576,4.331005475121164,4.367907409048026,1.0085204080527814,0.00848426335985471
421,152,7,1,0.17002296655679955,0.06524517664702456,4.278283153480824,-1.1968072782986003,0.2929486710340672,0.6752611199758509,68.57200460236285,4.32165140315928,4.234914903802367,0.9799297788587238,0.020273669657966474
422,153,1,1,0.1207072239382539,0.047432450600630116,4.314171854394993,1.405728164516395,0.1844705081441103,0.4802618949677423,-80.54229076377258,4.307322726002499,4.321020982787488,1.0031802253177582,0.0031751764295234815
424,154,5,1,0.1591636153174741,0.0483478589933251,4.3375557383478025,2.89574263029296,0.2485995343444544,0.6400222637712584,-165.91383073013648,4.320109972091249,4.355001504604355,1.0080765380368817,0.008044053982899795
426,155,11,1,0.12013021749849846,0.054431867580820366,4.384279726104796,-0.8938713542324985,0.1646820012385046,0.48381293144371273,51.215056015497005,4.409579006926854,4.3589804452827385,0.9885253078435308,0.011540906330141786
428,156,7,1,0.10535261384369865,0.06044923628471081,4.3176978112642805,-0.01837446614506195,0.16327141262724718,0.6546224717535037,1.052779313741138,4.321092549075225,4.314303073453336,0.9984287594989506,0.0015724758699362882
437,157,5,1,0.15293123625782162,0.06055195192636453,4.348898563415749,-0.4869872292833579,0.2676675729827496,0.5910846560551899,27.902313423781692,4.409811058978221,4.287986067853279,0.9723741018615955,0.0280128380435844
438,158,1,1,0.18234826283848735,0.043128344293014986,4.254160165432448,2.892198399430124,0.2793874432735883,0.686295734448587,-165.71076104376243,4.245510109519098,4.262810221345798,1.004074919475026,0.004066633872244192
439,159,11,1,0.2064048267355182,0.04825727492759985,4.195676528347533,1.6048110358215706,0.3022904623129308,0.8957034809629969,-91.94890032249704,4.272630920533536,4.118722136161528,0.9639779828319951,0.0366827097685304
440,160,1,1,0.22587563923346202,0.07316709907948434,4.366560370025236,-2.419210251670673,0.2839391101932845,0.9812649667186041,138.61053642972146,4.368704941358314,4.364415798692158,0.999018211867423,0.0009822703232502017
443,161,1,1,0.17642089898137536,0.05410822858027867,4.2604388190023466,2.709816774867223,0.3001455762293869,0.6874059147042462,-155.261063005355,4.299429276369437,4.221448361635255,0.9818624962241428,0.01830349361816266
448,162,5,1,0.27953222996963434,0.09052651992394062,4.283744911852901,-2.570523055448381,0.36814393601176765,1.1593069516176941,147.28012216145314,4.297398244136325,4.270091579569477,0.9936457682030966,0.0063744842722291695
449,163,11,1,0.21713767586265328,0.06262318770971292,4.404126528666039,-2.113746082894316,0.2987607273766208,0.9760933954574588,121.10873049576288,4.425514988481559,4.382738068850518,0.9903340244598926,0.009712917953789608
451,164,1,1,0.2581369988408814,0.1142261603133266,4.452025394134606,-2.9987581226957665,0.46263664228418133,0.9251259801097351,171.8161800995926,4.473575643084861,4.430475145184351,0.9903655372482337,0.009681098844874857
461,165,5,1,0.13021605935942618,0.05154640398138619,4.386541059710724,0.7706580635818288,0.21774821142485812,0.696401196316545,-44.15545441022058,4.2515506167684105,4.521531502653036,1.063501745650117,0.06154755699526721
463,166,1,1,0.09673290914884217,0.024864933040708758,4.398907299436974,-1.7606156585108585,0.14290253952298926,0.4190133478271163,100.87584665440643,4.360176885881294,4.437637712992656,1.0177655240002277,0.01760910649816974
465,167,5,1,0.10392459153094082,0.04765734644691539,4.351881535639194,2.2106927564930188,0.15977425427496889,0.5148334723497173,-126.66336477934664,4.386132664167859,4.317630407110529,0.9843820827361301,0.015740836807330315
470,168,11,1,0.18301333719167442,0.03456891832860409,4.389598790482751,0.7855746568447521,0.26762452172768064,0.7139776948932426,-45.01011273722537,4.378341275711857,4.400856305253643,1.0051423651387534,0.005129177088029515
472,169,7,1,0.1106607177834641,0.033761151641286465,4.438627508773827,1.5302235304739824,0.16709840376208213,0.607532015651891,-87.6753499305605,4.369625735301864,4.50762928224579,1.0315824638776283,0.031091490932982024
473,170,7,1,0.6367176230376365,0.1187886125157158,4.44996518636595,-0.5264010873675616,1.0788447605516671,2.0654988506333725,30.160630264605494,4.418238357581303,4.481692015150597,1.0143617551688702,0.014259360447067528
474,171,5,1,0.11435056137387219,0.01987222270437707,4.29791338210299,2.969538991768709,0.16452713300794922,0.674354610854685,-170.14205124753784,4.302115109663306,4.293711654542672,0.9980466689276263,0.001955240688569242
475,172,1,1,0.14463609548152814,0.028481593925370776,4.413089136361826,-2.0386631775839303,0.24688734669589385,0.5906971832297163,116.80679651801661,4.401258691523956,4.424919581199696,1.0053759370521227,0.005361525440486981
483,173,11,1,0.18241206070716431,0.05928106241300492,4.3149859300980395,0.3378826838718813,0.30741790908693034,0.800335262630441,-19.35925261445261,4.314559040147605,4.315412820048473,1.0001978834668672,0.00019786388987095925
484,174,11,1,0.0876073241602052,0.03512354956174591,4.406848011208847,2.6104095000234473,0.16776024843753762,0.3794434139078068,-149.56544698610801,4.381645978881175,4.43205004353652,1.0115034543863848,0.011437668040091772
487,175,7,1,0.15821132874071817,0.036362807019363425,4.251248535328224,1.6047777987141836,0.21096394314602884,0.7461821304254984,-91.94699526900875,4.17851539989513,4.323981670761317,1.034812907682436,0.034217305729681444
488,176,5,1,0.19236206106831885,0.07709156578361648,4.478770820591389,-3.0106244480247164,0.3148040384183178,0.9774346757684546,172.49607370404806,4.592335789050583,4.365205852132196,0.9505415223642991,0.05071256065930967
493,177,1,1,0.32899529827016405,0.057030429691660486,4.335167701453998,-0.012003207628851351,0.4729034232733355,1.3128078715804419,0.6877291131507104,4.329062603699191,4.341272799208807,1.0028205171944573,0.0028165451374628143
498,178,1,1,0.1319833258057623,0.05714025741012112,4.444500649219003,-2.60786006954051,0.22437130102777117,0.733206648688336,149.41937534875476,4.391221042158836,4.497780256279168,1.0242664199996512,0.023975519980868228
506,179,11,1,0.08329517963855192,0.07142833351622488,4.451456735307728,2.988546157262919,0.15239922405020948,0.4449232469006318,-171.23108162586666,4.589508720080129,4.3134047505353275,0.9398401906642458,0.062025531407465154
507,180,5,1,0.1361871848285561,0.03673043715002085,4.476264736454286,-3.001833311648235,0.1705914577869127,0.672750298393119,171.99237955990478,4.532793877663565,4.419735595245007,0.975057704923297,0.025257282371576758
512,181,1,1,0.24283797693247106,0.13779658187469795,4.433447232694454,-1.1713894820176307,0.342129551007312,1.470639849057843,67.11567235533879,4.489877190233914,4.377017275154993,0.9748634739220917,0.025456469684951948
513,182,7,1,0.3144188133221624,0.08869135222555288,4.2387429921806765,-0.9820259678709784,0.39348849803425645,1.3546005614854364,56.265942464851875,4.222923904348024,4.25456208001333,1.0074920070505489,0.007464046705277991
515,183,11,1,0.2998437105009592,0.07844237936494,4.291078113055472,-3.1394282813215737,0.4817221795019388,1.1120070573236502,179.87599483097156,4.298728360889312,4.283427865221632,0.9964406925994936,0.003565653028111705
516,184,5,1,0.2339827227429487,0.07464113542479363,4.38824735024919,0.04008414072540065,0.3917334898925227,0.9555773201384353,-2.296654378972847,4.426754873780038,4.349739826718343,0.9826023691716339,0.017550297627895083
517,185,7,1,0.14191299302483437,0.0594980739054058,4.632716969546306,-2.070633548794808,0.2705718002848751,0.7801801085167871,118.63856356759253,4.709015600378854,4.556418338713757,0.9675946578616517,0.032939042611109706
520,186,5,1,0.13934987463670287,0.05094754678377169,4.316679603861213,-0.41282928861759777,0.2283667214138952,0.6525965270096845,23.6533764189281,4.335287712234005,4.298071495488421,0.9914155139829448,0.008621491553900512
521,187,5,1,0.09802800003174286,0.04405659017895998,4.443381615962491,0.8056378074025254,0.17517561568858314,0.4043956164795476,-46.15964612182723,4.492643536108949,4.394119695816034,0.9780699627065792,0.02217316647730107
523,188,11,1,0.11070044258838777,0.034589375343789724,4.420263268027759,1.2926159368616363,0.18411960986435527,0.5484196840173408,-74.06143752385996,4.380975664005984,4.459550872049533,1.017935549993834,0.01777613759159829
539,189,5,1,0.17113979815278116,0.060201253971391096,4.340145427812395,-3.0148278426974255,0.24743206112894758,0.7268006835386028,172.7369111497377,4.31411305060121,4.366177805023579,1.0120684724326159,0.01199608522072298
541,190,5,1,0.29601862726462025,0.11769964123474656,4.409180262348628,1.592980311140421,0.4788299222732142,1.0918039665157482,-91.27105283953006,4.440164861800761,4.378195662896497,0.9860434914393851,0.014054585028749789
543,191,11,1,0.15606423036048966,0.06421964299310338,4.547256592522587,2.047875020633348,0.2899040445221762,0.6589673630994215,-117.33459662289032,4.511591181209362,4.582922003835814,1.0158105687686292,0.015686562034732513
545,192,1,1,0.26577522355186317,0.07269498471014645,4.266944926646645,-0.15480559274169417,0.43115899018395265,1.0182113107224449,8.869710169329862,4.29136044375276,4.24252940954053,0.988621083021978,0.011444027296271227
548,193,5,1,0.12985588364983594,0.07395712314546926,4.479622610166925,1.3338771165809555,0.24238549941600582,0.724446172402797,-76.42552889698621,4.559175390703843,4.400069829630005,0.9651021188177462,0.035517626130543524
551,194,11,1,0.14511227942080707,0.06884643421108022,4.324942274940174,1.9500549481985807,0.22991462464152243,0.7380782865171901,-111.72991876208505,4.270042221243344,4.379842328637002,1.0257140566075449,0.02538764691262317
553,195,7,1,0.10815884721439968,0.05968006016987195,4.485020526092597,-0.17604978086093645,0.17228537749535577,0.5583736017107929,10.086909524192137,4.500947911582774,4.469093140602419,0.9929226528264458,0.0071024805338198585
559,196,7,1,0.17984683199448978,0.07440573312185268,4.458967584140129,-0.38001972072338575,0.2755565918342052,0.7793883928157701,21.773526841208444,4.4759327896844185,4.4420023785958405,0.9924193653741235,0.007609476958133404
560,197,1,1,0.15677697520299466,0.05408120624133611,4.4825036607378514,1.21165011140138,0.25974338477655823,0.6350386159597269,-69.4224367550202,4.440422470563503,4.524584850912201,1.01895368760667,0.018775752730750623
566,198,5,1,0.21904364961699,0.07270716079643293,4.275582267511286,0.43319354466467785,0.3669299375692239,0.7517508703892994,-24.820164457870344,4.306680396376884,4.244484138645688,0.9855581905303396,0.014546850894158908
568,199,1,1,0.17047365833639594,0.05905270250581522,4.377053707551571,-3.0775141668561026,0.2753359239090286,0.8776699525414875,176.32857245193264,4.357031482483005,4.397075932620137,1.0091907644684521,0.00914872259119068
569,200,1,1,0.09080013152010934,0.04097445619340068,4.292011434913909,1.1278212592577854,0.17481192476211194,0.5126162554309768,-64.61939802956788,4.225547058520637,4.358475811307179,1.0314583534263326,0.03097120191833984
577,201,5,1,0.17924025456125378,0.058468174796657155,4.262615276229237,-1.2804901350318112,0.3000575748782351,0.6891822393392766,73.36667898654906,4.271633027450648,4.253597525007826,0.9957778436661291,0.004231088492409556
582,202,5,1,0.1979803316074993,0.0874920026723872,4.422024658615143,1.2716405827296706,0.32629923012650136,0.9978347797176229,-72.85963726459867,4.397306027229063,4.446743290001223,1.0112426250222373,0.01117977998513517
595,203,1,1,0.1766396956639089,0.0574754481171694,4.394192058683148,-1.9566333978084556,0.2860547791402988,0.7973016457905762,112.10683679629183,4.4252156492720625,4.363168468094234,0.9859787214690804,0.01412027065481119
599,204,11,1,0.15182797363825878,0.061334281073735175,4.450286390075186,1.967065745820709,0.26359920038185686,0.6928434653414495,-112.70456610633221,4.487014886951801,4.413557893198571,0.9836289837221529,0.016506127317345316
601,205,7,1,0.2069171409571615,0.12088081738702662,4.626233879465149,-2.3189934145088116,0.3572108109515316,1.433217011221873,132.86853790096077,5.0678978934082535,4.184569865522046,0.8257012973692425,0.19093890427959329
602,206,1,1,0.12243279919518807,0.03852156785174676,4.37701701408668,-1.101123023432559,0.22048136548793332,0.6569616515749492,63.08970241685432,4.419615417041477,4.334418611131883,0.9807230272613572,0.01946458184544466
606,207,1,1,0.49311800044923804,0.166804299867234,4.5486841669204185,0.5842407154174195,0.9072824523696315,1.9485589300673516,-33.47456309605624,4.594574706713851,4.5027936271269855,0.9800240315055169,0.02017750105719111
609,208,11,1,0.08289140046848026,0.035127148693303016,4.396590442419707,-2.360232126710615,0.15175083653392357,0.5041556097065681,135.23133963580068,4.402521991576295,4.39065889326312,0.9973053857911729,0.002698249579655266
612,209,5,1,0.1767932579380714,0.05203762467313423,4.233869078016785,-2.4245233273565043,0.26465731970218925,0.6957735719201019,138.91495364082408,4.156038756345658,4.311699399687913,1.037454088488608,0.036765577884890384
613,210,11,1,0.30076135594162867,0.07942141790463944,4.354286264206023,2.809151397008391,0.5028212951420916,1.0789736107036163,-160.95251202954634,4.355166160007532,4.353406368404516,0.9995959300889193,0.0004041515638239179
616,211,7,1,0.10295346748163438,0.027043713289791466,4.394600498527979,0.10194698562028709,0.15105204809267161,0.5823343365147317,-5.841132075169863,4.3909680448583,4.398232952197658,1.0016545115485103,0.0016531439756107633
628,212,7,1,0.3584680463017062,0.0951708536955387,4.321949630726405,-1.6669448193808059,0.6546659569411051,1.3424012813528428,95.50891400854414,4.341187976380449,4.3027112850723634,0.9911368290160597,0.008902623722067463
632,213,7,1,0.3394871289848815,0.0666139589783053,4.2822467812956795,-0.6969680062040409,0.4883563160923366,1.3313218998608127,39.93332957942348,4.268361073694302,4.296132488897058,1.0065063415965227,0.006485243990154479
635,214,11,1,0.46320141945989307,0.12704462236785832,4.420975977832346,-2.130765799815772,0.4850295802844508,2.1217849392586117,122.08388770305612,4.429866663344206,4.412085292320486,0.9959860256808958,0.004022046514814581
638,215,1,1,0.12053934364891489,0.06523527570412094,4.426289248784792,-1.402911546657178,0.2023886033160372,0.6469042620209087,80.3809105276802,4.435996875754575,4.416581621815008,0.9956232489599615,0.004386350021046862
640,216,5,1,0.10676659921232304,0.05017224620523097,4.272085784281658,1.8729750932038647,0.18071868123573645,0.46532592581368987,-107.3135682362141,4.242634302558146,4.30153726600517,1.0138835825212433,0.013787870005734842
642,217,5,1,0.24905293907139392,0.0856591089808833,4.442998890624534,-0.7385527697489194,0.30853232676667786,1.05862286257365,42.31595697166032,4.3886003364905095,4.497397444758558,1.0247908444438238,0.024487313849577766
648,218,5,1,0.12696252649591294,0.07728361224402057,4.443698428805194,3.0587688257494676,0.18155633768007817,0.6619784018375318,-175.25454434921127,4.380932287966476,4.506464569643912,1.0286542391952158,0.02824950515626878
654,219,5,1,0.17872275288252057,0.05352012693153613,4.250543177454581,-2.3291638896912317,0.2590101557144278,0.6416715302567613,133.45126080437063,4.255003662592157,4.246082692317006,0.9979034165461291,0.002098783591346316
655,220,7,1,0.324147517473912,0.07026329829072032,4.389575277137805,-0.6203488212291913,0.4388711023864349,1.3828369083791225,35.54337236363792,4.373488097545007,4.405662456730603,1.0073566815475403,0.007329720338359339
658,221,1,1,0.1015766316214838,0.04918168883676197,4.295257430277449,2.381702501757065,0.1524788758303908,0.4853189089548255,-136.46150138839377,4.334966317706915,4.255548542847983,0.9816797250454896,0.018489642622840897
667,222,11,1,0.1961215245369638,0.06845492532407653,4.36722046930378,-2.164866319543851,0.27059298495168377,0.9245626017566628,124.03770371097855,4.28619208068713,4.44824885792043,1.0378090328624099,0.03710753289703637
669,223,11,1,0.20498324826764514,0.07238665940314148,4.44916335695851,0.5506238046142723,0.34007598572967246,1.02754055227145,-31.54841942307499,4.561503113357319,4.3368236005597005,0.9507444131431817,0.05049927250844117
670,224,5,1,0.20821567047248313,0.05756562643957735,4.335918285539404,-1.6202487606273337,0.27460357982220257,0.9792171366610031,92.83341510563298,4.40728390980751,4.2645526612713,0.9676146916202538,0.03291834373637267
671,225,1,1,0.36735090912190543,0.08030989924561517,4.3039342945518575,0.01074128612021458,0.5887803260537977,1.4185659013243255,-0.6154381503574651,4.297773839496005,4.310094749607709,1.0028668121152573,0.0028627086912780403
673,226,1,1,0.13394278173886745,0.04335270879971138,4.394758716922133,2.975922672740413,0.19276520862396693,0.7864721777304853,-170.50780926614559,4.3827868067849876,4.406730627059278,1.0054631496647801,0.005448267314902639
676,227,1,1,0.13418696203235533,0.05501340554445724,4.377436972570316,-3.004396843830537,0.20953781682728187,0.5377461515392685,172.1392588276658,4.37464086622877,4.380233078911864,1.0012783249766317,0.0012775084411576776
677,228,5,1,0.1055394321837205,0.04242544131536977,4.323488992737427,-2.0023163571353964,0.198095610254517,0.7116794220246246,114.72427662713092,4.318821281567896,4.328156703906958,1.002161567180125,0.0021592335159738053
679,229,5,1,0.1684394758694817,0.06542036864986994,4.508776162127241,-0.7939522145731885,0.2546670407386711,0.9977122288122526,45.49011088176763,4.492808985283067,4.524743338971414,1.0071078814596732,0.007082709928381122
681,230,1,1,0.10053572349469081,0.040418014658256875,4.455276027641224,1.7134274716599454,0.175703079398272,0.501538032935605,-98.17216284177674,4.444210275671957,4.466341779610491,1.0049798507644168,0.004967482104638677
682,231,1,1,0.13567738365449283,0.05131155524748114,4.274642749895373,0.16196315164470565,0.1869828500558246,0.712423780700103,-9.27980510414229,4.280107076403548,4.269178423387198,0.9974466402776231,0.00255662371238316
684,232,11,1,0.3980075501470111,0.09439317463272352,4.273291838844535,2.0365784975497787,0.6727470652034694,1.3754640297141092,-116.68736934255925,4.251474971167734,4.295108706521334,1.010263199395389,0.010210801648735108
687,233,7,1,0.18333547926644603,0.06906768342984616,4.372008993435249,2.6869578550522126,0.3229640256829194,0.8255901887329868,-153.9513433760344,4.386248353512816,4.357769633357683,0.9935072713946248,0.006513875016701614
692,234,7,1,0.16124836807991533,0.0435409752614364,4.4609196252059995,1.3521350871674587,0.24083922094048776,0.7408233863647011,-77.47163344057887,4.452001102473811,4.469838147938189,1.0040065231462918,0.003998513078691583
693,235,1,1,0.09926938017096547,0.0339133746994122,4.493427392138099,0.7815492055570253,0.18281798656745785,0.739422334146629,-44.779471025798536,4.5055350580220805,4.4813197262541165,0.9946254259580449,0.005389055982151245
698,236,1,1,0.12057315224961061,0.04175079214782125,4.391704393229053,0.927699501129597,0.2307033083912185,0.5338319672716455,-53.1532655702378,4.449804690404508,4.333604096053598,0.9738863607651178,0.02645911107543193
700,237,5,1,0.29826083396406466,0.10823451966666871,4.297093563677153,-1.3933523361659903,0.542242999227087,1.1060722577398587,79.83320055815926,4.332160592329018,4.2620265350252895,0.9838108362307909,0.016321277687915296
701,238,7,1,0.11331780796750203,0.06601543720759034,4.286747797616522,0.43236251034065004,0.20292895070034625,0.5511662128953695,-24.772547420766628,4.325913364415258,4.247582230817787,0.9818925792084005,0.01827285795563345
704,239,7,1,0.3090792987618297,0.07508489450736956,4.430613490525545,-2.9659892890138995,0.5020053247735352,1.2947376033881675,169.93866351112212,4.380716427677023,4.480510553374066,1.0227803208321251,0.022523771461998122
705,240,1,1,0.14525408871520856,0.08989766338076446,4.391200467882224,-2.0414762091552525,0.24744806071756634,0.6453575210501443,116.96797154168691,4.471949824824718,4.310451110939728,0.9638862866956875,0.03677780485455207
710,241,5,1,0.11755260304405116,0.07062704812187079,4.4430973499057975,1.7318179294649918,0.1869328272062559,0.7284336672659886,-99.2258582473932,4.700227862366941,4.185966837444654,0.8905880650936535,0.11574381212538389
712,242,7,1,0.27656258271710055,0.0743861951997205,4.369686963661998,-2.6726304469605187,0.3721363211982088,1.2895831732245864,153.13044306738905,4.325535548499631,4.413838378824366,1.0204143115539448,0.02020804489178626
717,243,7,1,0.1492316013664871,0.04773775216865242,4.3469230764459414,0.9265727793728576,0.22949981777740286,0.7282416189537425,-53.088709577122536,4.339795375853729,4.354050777038154,1.0032848095243707,0.0032794233837880474
721,244,1,1,0.15233221998505184,0.04179161967480463,4.2798976811868,1.4421103488681346,0.19522406904218298,0.7436255388211275,-82.62683639578665,4.314762086994496,4.245033275379106,0.9838394770767162,0.01629216789969028
722,245,11,1,0.22418148601337098,0.044989090944584455,4.286832864721533,-1.6156133675700728,0.284100719219048,0.9515254722429618,92.56782672046397,4.2467905319574735,4.326875197485594,1.0188576914555774,0.018681546040009437
723,246,1,1,0.18954919919766092,0.05580870610658597,4.245966975163808,-0.3261601602985162,0.292942969517269,0.7554986719953644,18.687601543012043,4.279447917792293,4.212486032535321,0.9843526813403733,0.015770703269397997
726,247,11,1,0.16380767257572582,0.06250514508844053,4.3252312945997025,-2.749048216480376,0.27409709264731497,0.6334374387746058,157.50885933008885,4.432075696953838,4.218386892245566,0.9517858404685777,0.04940517400192553
728,248,7,1,0.3500250449069422,0.09213644391220585,4.321305895033336,-2.0533091000716794,0.5900965015210752,1.2793296742786255,117.64595660585097,4.335806210080773,4.306805579985896,0.9933113638641298,0.006711080122378821
733,249,11,1,0.10941100793256803,0.07456479334600714,4.336304890255048,1.1128675090683593,0.20397031787217812,0.4730378221879723,-63.76261104810642,4.31904271086732,4.353567069642775,1.00799352103849,0.007961700030143473
735,250,5,1,0.15696069200390814,0.0542441726439093,4.37936984257161,-0.5282751856464715,0.28550256018807957,0.7872675526917772,30.26793946880396,4.327975452140234,4.430764233002988,1.023749853020059,0.02347113501662963
737,251,1,1,0.15904664575386254,0.06419584710418856,4.446222701753194,-2.1931953296339017,0.29107596107296574,0.9984005014061741,125.66083634017237,4.388814748542016,4.503630654964371,1.026161028204824,0.025823246860100357
738,252,5,1,0.15635071380084026,0.04268342889293438,4.345089572649312,-1.7493289919562067,0.24649588693437124,0.8510488240626927,100.22916869764406,4.331322156405426,4.358856988893197,1.0063571425752875,0.006336999969135884
740,253,1,1,0.15811534229312302,0.0802631986236559,4.37581655829141,-2.6712201510522373,0.2768611088413105,0.7293992583136037,153.0496397503495,4.3804734673671115,4.371159649215707,0.9978737873381066,0.002128475457627679
742,254,5,1,0.10991029655496669,0.05029668713318154,4.317730440459841,-2.8993314853066896,0.1820656657682244,0.6590428438584711,166.11945745729548,4.326274894085726,4.309185986833957,0.9960499719342545,0.003957844864893662
745,255,7,1,0.10132469685976225,0.02851203010491321,4.369131003627551,-0.2857471805283388,0.18319013956301883,0.6155452227737007,16.372107576795116,4.400270217422124,4.337991789832978,0.9858466811100454,0.014254190944935657
747,256,11,1,0.13580307834244548,0.07222969521715321,4.505514556194352,1.1959481657955067,0.2294555141977301,0.507830729553293,-68.52278191596783,4.498513723752897,4.512515388635808,1.003112509095833,0.003107672765957633
748,257,11,1,0.14865582034536617,0.03848900377989202,4.1507272055125,0.0018281325011310057,0.2002698654430624,0.7753999982825132,-0.10474451998695818,4.174852843445748,4.126601567579253,0.9884424008040794,0.011624776449392742
749,258,1,1,0.28896593143010796,0.06761350719022488,4.334914590445368,-0.862595296850278,0.383566106941357,1.1649693743635587,49.42306811323296,4.356809940769757,4.313019240120977,0.9899489072867284,0.010101860079388852
753,259,1,1,0.20731865586806084,0.08085771378664888,4.4131551412335694,-0.4267396661332381,0.3451745508649079,0.8899253107641845,24.45038397156736,4.422764019198779,4.4035462632683595,0.995654808656533,0.004354652242080048
757,260,7,1,0.13187937524575716,0.031969448268199224,4.409099829188613,-1.273175362779353,0.23779510431890735,0.5412592462361218,72.94757424600017,4.407262781495333,4.410936876881894,1.000833645636468,0.0008332982987226162
762,261,11,1,0.09892196198690287,0.023372202835730597,4.338587865768405,-0.6349333865673191,0.1769634735510012,0.5648034961444638,36.37900344027519,4.361671597330023,4.315504134206787,0.9894151904624141,0.010641126687210605
763,262,1,1,0.12633596495329552,0.052205884987624206,4.3355375507744105,-2.762321501540673,0.2412899157160385,0.7547064951456859,158.26936312328704,4.286094385404248,4.384980716144572,1.0230714309691984,0.022808320671253417
765,263,1,1,0.2672945888648513,0.08602935789758721,4.428298797966601,-1.150145990058232,0.40665835951968426,0.9465432126629155,65.89850882098538,4.465150247692945,4.391447348240258,0.9834937470489896,0.016643614809038993
766,264,7,1,0.17531380703907526,0.07264079762498385,4.414292746805952,2.7892048059096077,0.30817761370640234,0.8486829205455015,-159.80966215331847,4.375719413165277,4.452866080446628,1.0176306248177702,0.01747656345111501
769,265,5,1,0.19268558248290094,0.057440404464663225,4.374891720748676,1.474346304711427,0.25282852601506905,0.9336472162090301,-84.4738203315742,4.389633583119619,4.360149858377732,0.9932833289650264,0.0067393038785520665
770,266,5,1,0.1517456153081495,0.05493572985863952,4.429871703343609,2.1233515370075824,0.2653105178480895,0.7279026027832318,-121.65908220736033,4.49543675752767,4.364306649159548,0.9708303963683746,0.02960133320997672
772,267,7,1,0.21516322950683298,0.08130442677679052,4.295109392695648,-0.3862569781279351,0.3454753768452931,0.9957646008914213,22.13089587819338,4.356373008162556,4.233845777228741,0.9718740266950889,0.02852715023793977
773,268,1,1,0.11825458322861186,0.05821758028796509,4.39559492717858,0.057566874295434646,0.15583589769362244,0.689368615107053,-3.2983389496141067,4.365999872740505,4.425189981616655,1.0135570569403147,0.013465778775512093
774,269,11,1,0.14475593008926882,0.07738893333266265,4.320033551207441,2.412057653267907,0.1791660785857941,0.7361110101325564,-138.20072348105148,4.309825909567977,4.330241192846905,1.004736915993197,0.004725723316019443
776,270,7,1,0.28705003552465397,0.06215560333564148,4.461043377982168,-2.9352512938482365,0.4671666811779464,1.0804745239226463,168.1775071017128,4.559541537803654,4.362545218160682,0.9567947088518322,0.04415924772560225
777,271,1,1,0.20049459096269523,0.09744497661696164,4.3583315564103025,-1.733177680922867,0.336274281630257,0.9053536121543151,99.30376782355036,4.403889946466436,4.312773166354169,0.9793099325324018,0.020906344304680458
779,272,11,1,0.33416957326081587,0.10019673640956914,4.257917033957951,0.7778820858830311,0.443423971867918,1.3860215828061826,-44.569357423497806,4.207026908787436,4.308807159128466,1.0241929164105026,0.023903765510061972
783,273,1,1,0.17104603291557102,0.06805236159105572,4.431512073304912,2.65226818100712,0.27582906197148815,0.7653868069123997,-151.96377235289512,4.46356896776845,4.399455178841374,0.9856362051555508,0.01446770038454641
784,274,7,1,0.11585428089614498,0.06304572620408205,4.47664435456777,-0.5410835005986704,0.22679768082895155,1.0512620347338975,31.00180072417183,4.450929337121809,4.502359372013733,1.0115548980890317,0.011488523728593034
785,275,5,1,0.23288531409117386,0.1057145227474983,4.287783727636961,0.6221411865998355,0.2878722801876479,1.1156027718691999,-35.646064736282504,4.267869251666254,4.307698203607669,1.0093322802533993,0.009288936772789302
787,276,5,1,0.24386652969335176,0.07188206016765093,4.413725611703087,-2.683851105961781,0.43321461784701315,0.9402143129341634,153.77333803193648,4.397522018430507,4.429929204975666,1.0073694199618186,0.00734236547447141
788,277,11,1,0.10516702479466787,0.06171978148826658,4.465118911923351,-0.8078971598134324,0.1441526749760679,0.5406046917216574,46.28909750103579,4.476980867278784,4.453256956567919,0.994700913089833,0.005313164370049497
790,278,11,1,0.20592257323979943,0.051487133249513616,4.329260077692175,-0.02864198215261934,0.29395404365766925,0.7796949588255648,1.6410654063508354,4.278802579929676,4.379717575454673,1.0235848683457267,0.023309986860108538
792,279,11,1,0.5081449284359788,0.17806432251572227,4.5356004817221915,3.116235307615701,0.9762989797861166,1.7292199512798847,-178.54709132981702,4.52745560764778,4.543745355796602,1.003597991799479,0.00359153065056496
795,280,1,1,0.24738695798518856,0.0605968191237786,4.376395481981733,0.9343516061900734,0.36527841362732144,1.0149390583665063,-53.53440175944829,4.3695461600863466,4.383244803877121,1.0031350266798655,0.0031301201747359385
796,281,5,1,0.22082160201976897,0.06485584394683992,4.3531584205610985,-1.8945430948264737,0.36905039379372795,0.7860856416694056,108.54932625567561,4.312272680713803,4.394044160408395,1.018962502083949,0.018784402448659886
801,282,1,1,0.11713658324649237,0.04658980574100614,4.4733526850544365,-2.5895330767030362,0.21977041067510808,0.7485004014476799,148.36931605992277,4.570991131100981,4.375714239007892,0.9572790918878782,0.043653363783614264
804,283,5,1,0.12628119207707084,0.08104426464354131,4.45431438464736,1.7441368476553347,0.22558662030404794,0.6897617357765606,-99.9316806115038,4.585695821514193,4.3229329477805285,0.9426994541371695,0.058990643911288915
807,284,11,1,0.11320766787564492,0.04487232116635539,4.378339158072417,-2.9281830490453573,0.19342616525437745,0.7485959694814326,167.77253023349598,4.423810514017937,4.332867802126898,0.9794424486304589,0.02077105235746
808,285,11,1,0.12108249865422908,0.0704964016287382,4.392106498956735,-1.7228263272893614,0.20231478120827534,0.6771057560806438,98.71067751026953,4.331781280504556,4.4524317174089125,1.027852384294505,0.027469834106485114
813,286,5,1,0.2503247639093996,0.06666181332339975,4.403646997677166,-0.9347099035540285,0.37797371294118043,1.1552648874168145,53.55493068271199,4.417349450789355,4.389944544564978,0.9937960746529845,0.00622322957285918
818,287,1,1,0.29577471728550264,0.0617377679373316,4.309688112958888,2.9896693908816525,0.46510280950431326,1.126250308376544,-171.2954344593012,4.311468144738208,4.307908081179568,0.9991742804448215,0.0008260606023750637
821,288,5,1,0.24594896121845572,0.06501831382216831,4.333120089507992,-0.3698380547225159,0.4019561199460685,0.8892862679843295,21.190162716081378,4.334184605719181,4.332055573296803,0.999508781324273,0.000491339353260219
823,289,1,1,0.14075210382225906,0.042173437386601446,4.399844456360067,-0.49121328176933343,0.24600321309601098,0.5737953922255253,28.144448651720282,4.412750704840061,4.386938207880072,0.9941504746842651,0.005866683973947394
825,290,1,1,0.15295183467026227,0.06487172729199527,4.48457440565359,0.26588222591552557,0.2635293066659437,0.6393079881743929,-15.23393031941881,4.487002519595685,4.482146291711497,0.9989177122448717,0.0010828737456259022
827,291,1,1,0.3238352335776916,0.11306005288839945,4.509904133178323,-1.6848625890687967,0.6089022434141059,1.1081164711659843,96.53552484517503,4.440452191345689,4.579356075010957,1.0312814726247899,0.030799741981960164
829,292,1,1,0.2193327924635362,0.08370500497622343,4.32234329357582,-1.3811669314763193,0.34404399402586355,0.8492509732392588,79.13503425290301,4.351883825876329,4.292802761275311,0.9864240253267513,0.013668758029661452
830,293,5,1,0.20252217516046997,0.0779891041235843,4.295219219340949,0.30396324640904665,0.32902449155253016,0.7232324231173215,-17.415812527339117,4.202102714572001,4.388335724109898,1.0443190046002637,0.043358208284063435
831,294,11,1,0.09559962546759239,0.03794794342971416,4.284407697374516,-1.321488635942352,0.14195682890212682,0.4964869458823498,75.71572151119717,4.292711376564722,4.276104018184311,0.9961312660173064,0.0038762320379986583
833,295,1,1,0.11872843778496518,0.04532864643565645,4.335754438969122,0.531690145689213,0.19633300140377521,0.6115618141181935,-30.463601362748758,4.349478297359306,4.322030580578938,0.993689423212657,0.006330551503026074
835,296,1,1,0.17251097551425038,0.06475995887428082,4.421125193256537,2.4922880704206647,0.3001962088349517,0.8287842544032309,-142.79758673588023,4.536528273973128,4.305722112539946,0.9491227327387424,0.05220529872920748
836,297,5,1,0.15952604356069638,0.03979179213543985,4.347079765931941,-2.3130455762283333,0.23513516455692204,0.5609799075287293,132.5277492579972,4.317256422699932,4.3769031091639485,1.0138158776371022,0.01372109316499485
838,298,5,1,0.23104608698073753,0.07946589232276041,4.413382327427457,2.964915232110468,0.37394142532144503,0.980922207811435,-169.87712750948216,4.4284345184481095,4.3983301364068055,0.9932020261526067,0.006821158877221447
840,299,5,1,0.18099165503754044,0.06532406927102001,4.388032235322047,-2.8346177289799077,0.3023205301692822,0.7509910484973056,162.411631254098,4.397627879185443,4.378436591458651,0.9956359909810407,0.004373552129428105
841,300,1,1,0.2835691266106078,0.08306921185906443,4.47687419537363,-0.49558839564038826,0.4727977520490928,1.0354798889378278,28.395129377831015,4.517582576618856,4.436165814128405,0.9819778031481193,0.018186073348808115
843,301,7,1,0.12303289405888329,0.0564072346998455,4.359923946577222,0.12208460045437401,0.20864847995968283,0.571683638752051,-6.994932674593003,4.339705235491107,4.380142657663338,1.0093180112422209,0.00927479989736445
848,302,1,1,0.4606497371338871,0.126262148204041,4.458992300826647,-2.0237772120219213,0.7696432168744788,1.6454117831498198,115.95391835111762,4.469214212274005,4.44877038937929,0.9954256336967316,0.004584852701119108
851,303,11,1,0.22631631642330696,0.07732333387903152,4.439594982373284,1.1160621801775892,0.38445658711027486,0.8485890885579691,-63.945649535952626,4.378268074597339,4.50092189014923,1.0280142315322185,0.027627253395606653
853,304,5,1,0.08646281160415674,0.028857651151749736,4.462063529479729,3.082028729678037,0.1275216940711653,0.4032199762646502,-176.58723851164217,4.43534918525256,4.488777873706898,1.0120461064558315,0.011973986497804765
859,305,1,1,0.09475238108763713,0.09154350711749461,4.366262048861284,1.1570734294082388,0.16351651722581811,0.4375723227532395,-66.29542391292898,4.3294769998691,4.403047097853468,1.0169928372379835,0.016849675342677912
867,306,11,1,0.30107117909097136,0.11630007263466538,4.457138893047715,1.0864659953321267,0.3755279721779887,1.5402871395821367,-62.24991620704248,4.508899801146109,4.405377984949321,0.9770405596126855,0.02322606916249848
870,307,1,1,0.1463020882065113,0.06540923228725282,4.3206326933297206,-0.11372785953229496,0.2214172669660273,0.8118359864784296,6.516126395249824,4.22778688495183,4.413478501707609,1.043921706984976,0.04297787614356889
872,308,5,1,0.3488411866254872,0.10567132585668064,4.3492922439508215,-2.3819593835832182,0.43077097291462013,1.465382907157597,136.47622034553706,4.308043930827626,4.390540557074018,1.0191494394140366,0.018967827779595933
873,309,5,1,0.19483155450637396,0.045081724450075154,4.438690100700597,0.7167617010033812,0.25424763053275995,0.7171319578219663,-41.06742049026741,4.41127251609096,4.466107685310235,1.0124306918285493,0.012353908016831486
874,310,7,1,0.19463927591349148,0.061746488744193063,4.4517570447624975,1.2395742740240492,0.2997336867952203,0.703350400983581,-71.02237328066423,4.502499440969745,4.401014648555249,0.977460343139401,0.022796570296641398
876,311,7,1,0.17185404060388493,0.06596329006439125,4.364287756558064,-0.13001618832237133,0.27166457107463593,0.7885774765064182,7.449379528754987,4.319056581442112,4.4095189316740155,1.0209449328866396,0.02072786105727536
878,312,11,1,0.2656072760942353,0.08661022600994558,4.431829378451187,-2.671457504980233,0.42962835789426296,0.9016888258502109,153.06323663170093,4.464936729283166,4.398722027619208,0.9851700694368878,0.014940715449451454
879,313,7,1,0.0786433741603384,0.040757068550809274,4.384693091438545,-2.5355273438288948,0.13516605270434964,0.3875109839432436,145.27501561588568,4.393371514060594,4.376014668816494,0.9960493108337068,0.003958508584783407
888,314,11,1,0.1657173823378608,0.06420766092844324,4.350020028602787,1.9078656798707128,0.29224549906641195,0.7433129828290127,-109.31265259495228,4.292899663269474,4.407140393936099,1.0266115538744316,0.026262116016812557
894,315,5,1,0.1653660893539829,0.0513375133071146,4.333621993140688,-1.186129641159306,0.28972434438109607,0.712617563031139,67.96022114630074,4.328112782417399,4.3391312038639755,1.0025457796505066,0.0025425432730442057
896,316,7,1,0.11353712146794656,0.03191500033253869,4.518753393111607,2.214470226420593,0.2162758738510354,0.5974273147423147,-126.87979816768932,4.549327369021605,4.488179417201607,0.9865589026992471,0.013532040034141279
900,317,7,1,0.1402395155199473,0.10513210111348101,4.326824956208937,0.4006458221735905,0.24051626435180704,0.7956264449980454,-22.955314801420776,4.2902429301426475,4.363406982275225,1.0170535919116694,0.016909408832818197
901,318,7,1,0.19295650360440558,0.035619891609991745,4.3722088615745145,-0.3709042126475296,0.33231382448827856,0.7250028855511861,21.251247923674388,4.365597992079173,4.3788197310698544,1.0030286203664815,0.0030240410303546874
903,319,5,1,0.11477123215649862,0.03647455928707685,4.448443850947133,-1.4452462293382842,0.16320647083011017,0.6843056430928218,82.80650926600971,4.46157175872142,4.435315943172847,0.9941151197451327,0.005902247264059153
904,320,7,1,0.12339654092204316,0.04226732414244614,4.461229889614207,-0.0038328937396664123,0.16630855446112555,0.8058567340048867,0.21960858330096789,4.313401406764048,4.609058372464365,1.068543809819481,0.06627252417289903
911,321,1,1,0.1441966354424344,0.045105017414404626,4.345342264266196,1.7801775799168058,0.2556465441202166,0.8767155472474055,-101.99666246365099,4.338104384140291,4.352580144392099,1.0033368861073815,0.003331327976359702
912,322,11,1,0.23370790175871284,0.0696271937595724,4.404726237042211,-1.4202699810024255,0.38410897010077094,0.975509470778585,81.37547351590264,4.411063383485662,4.398389090598759,0.9971267035213427,0.002877430333880302
918,323,1,1,0.18786582566216653,0.07400975736005536,4.356806478662981,2.8381074787304703,0.3050318666078948,0.7448927667854349,-162.61157927925024,4.370489113936184,4.343123843389778,0.9937386251668843,0.006281038802256858
921,324,5,1,0.3107030553683501,0.10484259604204217,4.603286166902326,-2.585155967042417,0.38394606170155815,1.4354772071995914,148.118526535072,4.618400521212944,4.588171812591708,0.9934547234518981,0.006566767201783201
923,325,5,1,0.2509250945735143,0.08944718001335164,4.211045708763042,0.9430484951441003,0.35580870976473894,1.1677514197825938,-54.032697017826905,4.164600269784107,4.257491147741977,1.02230487248244,0.022058862425683702
926,326,5,1,0.2516578761285535,0.0926655863971976,4.199318221247759,-0.13498234059317077,0.4219128193107406,0.8993942391584618,7.7339225183211,4.172912741306299,4.225723701189218,1.0126556588064162,0.012576079520648244
928,327,11,1,0.11154078257262627,0.04127060031265049,4.4289777896097915,-1.3093208285948896,0.17116144884401766,0.4343487951436096,75.01855736933298,4.450992874488017,4.4069627047315665,0.9901077869594398,0.00994138418570171
935,328,5,1,0.14332286482030318,0.03568907108015242,4.305976859212901,-0.23554286632245694,0.22369877144965702,0.6098987968519342,13.495612425966925,4.313037616883044,4.298916101542758,0.996725853888914,0.0032795149165912346
938,329,11,1,0.16328364740719672,0.07854937744977152,4.444751387931164,-1.6520679541037289,0.27777091058219644,0.7702472337164198,94.65652073127892,4.4465535168900105,4.442949258972317,0.9991894266190651,0.0008109020287344374
943,330,1,1,0.18622993590731157,0.049352078142997184,4.429080779992254,2.2858516814325336,0.25131837176261035,0.7163802679666861,-130.96965372405143,4.421247692266574,4.4369138677179345,1.0035433833482714,0.003537116668119994
944,331,7,1,0.22697260858715565,0.07274019038225825,4.56496986534174,-2.7344099780801203,0.38890635279964286,1.176152236470097,156.6701491894164,4.545341501833392,4.584598228850088,1.0086366947347876,0.008599558852456276
946,332,1,1,0.4323717235695316,0.11327862369207682,4.51173594610125,-2.890196751561108,0.7485320482646778,1.7519694955815548,165.5960543424486,4.509309998197829,4.51416189400467,1.0010759730000331,0.0010753944523356556
949,333,5,1,0.11715159624854457,0.06312436022994335,4.2615167764865225,-0.08425235375905553,0.17075840332048242,0.6649287673986095,4.827304153489524,4.2591253395347,4.263908213438345,1.0011229709206368,0.001122340742628353
952,334,5,1,0.09196374516557448,0.03201948497059333,4.476464929223883,0.8379845764784882,0.13473371558328404,0.36479934103885914,-48.01297952831435,4.442279465031192,4.510650393416572,1.0153909561349266,0.01527341986732239
955,335,1,1,0.15576459794544556,0.05867811821092229,4.34334174095823,-0.735278784937341,0.22435448105659606,0.7725428315993124,42.12837125919011,4.335447579517147,4.351235902399312,1.0036416823390406,0.0036350634658282787
956,336,11,1,0.5404788461854899,0.1382091482161641,4.4591212165116545,-1.0509380226011964,0.6254992431934349,2.409960382862575,60.21430632460146,4.448963326343205,4.469279106680105,1.0045664076879677,0.004556005398927682
958,337,5,1,0.6222394925663683,0.16407833127240815,4.429508753511583,2.209734712708954,0.8758404504384705,2.5628953216994073,-126.60844845850373,4.460927094381514,4.398090412641651,0.985913985947225,0.014185925626639215
960,338,1,1,0.1255903637511621,0.013259369976823955,4.344075437799638,-1.6432316165089564,0.1798722924899597,0.6699335359388819,94.15023657792136,4.352489568712473,4.335661306886801,0.9961336468336098,0.0038738419870064486
965,339,1,1,0.3081936461653546,0.0607875204288719,4.30283605126903,0.03895944553294431,0.4561030452025967,1.225513313011198,-2.2322081889029097,4.339990281982941,4.265681820555119,0.9828781963553451,0.017269647400557298
968,340,7,1,0.28834829644438265,0.09314859213074878,4.3358143734018215,1.2091174975814702,0.4961664861710929,1.0291834082910365,-69.277323310499,4.388089972771803,4.2835387740318405,0.9761738707755072,0.024113393640958075
975,341,11,1,0.09485706363073866,0.07398513954427931,4.4130918110690525,1.2553832388460697,0.15588999425877617,0.48988697311939555,-71.92816118075608,4.645463263251126,4.18072035888698,0.8999576838674866,0.10531004662048134
980,342,5,1,0.11295733579137206,0.025150228925412126,4.382914648823508,0.40529366150208446,0.1872035741537701,0.5576262473830335,-23.22161636207851,4.387062491043236,4.378766806603781,0.9981090571523903,0.0018927323719802793
982,343,5,1,0.16838167653111005,0.05451615519363519,4.324495866543034,-0.11641487409198455,0.24661981843860128,0.8060736412707699,6.670081259640823,4.239251955009522,4.409739778076546,1.0402164874549529,0.03942374517825852
984,344,11,1,0.14184003510845986,0.06988169376522237,4.496786082361216,-2.7729044621740897,0.20281574569400115,0.7251916436061783,158.8757225214845,4.51560676911081,4.477965395611621,0.9916641604497815,0.00837072807328732
985,345,1,1,0.1598612302312869,0.06080862101121439,4.3670705945621915,-1.868340987453201,0.25851281145863725,0.6086335538983071,107.04805396120966,4.396698537261256,4.337442651863129,0.9865226408188,0.013568794942749757
986,346,5,1,0.21596889480006676,0.06070051459250065,4.310489919977758,-1.5813376744530856,0.3144180270366582,0.9350874521822512,90.60397358206652,4.26862273261678,4.352357107338737,1.0196162509472053,0.019425721037850934
987,347,5,1,0.1505510957444363,0.05788859502931317,4.4516225219137295,-1.9764092525667258,0.2603737338663294,0.5424418639141071,113.23990967279465,4.439528443776587,4.463716600050872,1.0054483615952934,0.0054335595965774655
988,348,7,1,0.35844478141489644,0.11678057749116418,4.449998559351622,3.107801603028872,0.606192093069583,1.2883784660557305,-178.0639039377071,4.496187009472629,4.403810109230616,0.9794543910101177,0.020758860707467908
990,349,5,1,0.2209955350797321,0.09793227557842414,4.415640861454304,-2.2239625215930294,0.2897629184266548,0.9995889594156563,127.42366616140772,4.421743949271021,4.409537773637588,0.9972395109772366,0.002764304438792816
991,350,1,1,0.11924388450206101,0.0410740314481065,4.546415646190369,-0.9264302509622738,0.1648709762507389,0.5967287624081247,53.08054337644851,4.491648034629974,4.6011832577507645,1.0243864217045258,0.024092654883539864
995,351,1,1,0.221898508663629,0.06343865649801411,4.29657750630097,-1.0837468320582402,0.37829219359054705,0.8915770006624939,62.09411665111749,4.334863890620561,4.25829112198138,0.9823356002469045,0.017821805501445215
997,352,5,1,0.1297648818472098,0.07297283751473366,4.224827547970679,-1.1478380097625638,0.22903969970026658,0.6633586459336775,65.76627296849635,4.315630861486036,4.134024234455321,0.9579188691388261,0.0429855715928444
1000,353,5,1,0.10600726859132185,0.06725872414277553,4.304639032762169,-1.2444531946201527,0.15147785398100294,0.45861958412066767,71.30191576352607,4.278002561370016,4.33127550415432,1.0124527608434257,0.012375704996132962
1003,354,7,1,0.1570855411983003,0.08075579460416323,4.461992567674577,0.28094667612289204,0.25735378069279624,0.6957405513073118,-16.09705933346765,4.411964257020299,4.512020878328855,1.0226784750464255,0.022424201697113507
1008,355,5,1,0.5498595583681418,0.12829850324258518,4.401730606570786,-1.5773320038548118,1.0215799164377395,1.801835846056075,90.37442378601514,4.403139999272362,4.400321213869211,0.9993598238067342,0.0006403811716562433
1014,356,11,1,0.11168645722584611,0.03409912723320755,4.414917127898505,1.3188664908839023,0.1746059405398719,0.7703916424216372,-75.56548363468808,4.413471877852337,4.416362377944673,1.000654926591204,0.0006547121969902393
1018,357,5,1,0.27146160612907544,0.06056979299963896,4.331183256531086,-0.31703580032832546,0.4524359568671486,0.9340428071062891,18.16481846048201,4.323086546936917,4.339279966125257,1.0037458003702964,0.0037387979748769763
1020,358,1,1,0.2565704637263349,0.08176940762033383,4.398168028913383,0.7995289363549456,0.39177723978713486,0.987192353738117,-45.809632057206954,4.391167793939383,4.405168263887384,1.003188324975266,0.0031832503569582176
